['a person standing on a beach next to a body of water'],"['Download this HD photo of baltic sea, nature, water texture, and waves by Polina Kuzovkova (@p_kuzovkova)']",['2024-01-17T16:19:03.000Z'],['https://unsplash.com/photos/a-person-standing-on-a-beach-next-to-a-body-of-water--7JJQHeUYAs'],"['https://plus.unsplash.com/premium_photo-1705491760501-e4dad40a1287?q=80&w=870&auto=format&fit=crop&ixlib=rb-4.0.3&ixid=M3wxMjA3fDB8MHxwaG90by1wYWdlfHx8fGVufDB8fHx8fA%3D%3D 870w, https://plus.unsplash.com/premium_photo-1705491760501-e4dad40a1287?q=80&w=1170&auto=format&fit=crop&ixlib=rb-4.0.3&ixid=M3wxMjA3fDB8MHxwaG90by1wYWdlfHx8fGVufDB8fHx8fA%3D%3D 1170w, https://plus.unsplash.com/premium_photo-1705491760501-e4dad40a1287?q=80&w=1470&auto=format&fit=crop&ixlib=rb-4.0.3&ixid=M3wxMjA3fDB8MHxwaG90by1wYWdlfHx8fGVufDB8fHx8fA%3D%3D 1470w, https://plus.unsplash.com/premium_photo-1705491760501-e4dad40a1287?q=80&w=1740&auto=format&fit=crop&ixlib=rb-4.0.3&ixid=M3wxMjA3fDB8MHxwaG90by1wYWdlfHx8fGVufDB8fHx8fA%3D%3D 1740w, https://plus.unsplash.com/premium_photo-1705491760501-e4dad40a1287?q=80&w=1770&auto=format&fit=crop&ixlib=rb-4.0.3&ixid=M3wxMjA3fDB8MHxwaG90by1wYWdlfHx8fGVufDB8fHx8fA%3D%3D 1770w, https://plus.unsplash.com/premium_photo-1705491760501-e4dad40a1287?q=80&w=2070&auto=format&fit=crop&ixlib=rb-4.0.3&ixid=M3wxMjA3fDB8MHxwaG90by1wYWdlfHx8fGVufDB8fHx8fA%3D%3D 2070w, https://plus.unsplash.com/premium_photo-1705491760501-e4dad40a1287?q=80&w=2340&auto=format&fit=crop&ixlib=rb-4.0.3&ixid=M3wxMjA3fDB8MHxwaG90by1wYWdlfHx8fGVufDB8fHx8fA%3D%3D 2340w, https://plus.unsplash.com/premium_photo-1705491760501-e4dad40a1287?q=80&w=2370&auto=format&fit=crop&ixlib=rb-4.0.3&ixid=M3wxMjA3fDB8MHxwaG90by1wYWdlfHx8fGVufDB8fHx8fA%3D%3D 2370w, https://plus.unsplash.com/premium_photo-1705491760501-e4dad40a1287?q=80&w=2670&auto=format&fit=crop&ixlib=rb-4.0.3&ixid=M3wxMjA3fDB8MHxwaG90by1wYWdlfHx8fGVufDB8fHx8fA%3D%3D 2670w, https://plus.unsplash.com/premium_photo-1705491760501-e4dad40a1287?q=80&w=2940&auto=format&fit=crop&ixlib=rb-4.0.3&ixid=M3wxMjA3fDB8MHxwaG90by1wYWdlfHx8fGVufDB8fHx8fA%3D%3D 2940w, https://plus.unsplash.com/premium_photo-1705491760501-e4dad40a1287?q=80&w=2970&auto=format&fit=crop&ixlib=rb-4.0.3&ixid=M3wxMjA3fDB8MHxwaG90by1wYWdlfHx8fGVufDB8fHx8fA%3D%3D 2970w, https://plus.unsplash.com/premium_photo-1705491760501-e4dad40a1287?q=80&w=3270&auto=format&fit=crop&ixlib=rb-4.0.3&ixid=M3wxMjA3fDB8MHxwaG90by1wYWdlfHx8fGVufDB8fHx8fA%3D%3D 3270w, https://plus.unsplash.com/premium_photo-1705491760501-e4dad40a1287?q=80&w=3540&auto=format&fit=crop&ixlib=rb-4.0.3&ixid=M3wxMjA3fDB8MHxwaG90by1wYWdlfHx8fGVufDB8fHx8fA%3D%3D 3540w, https://plus.unsplash.com/premium_photo-1705491760501-e4dad40a1287?q=80&w=3570&auto=format&fit=crop&ixlib=rb-4.0.3&ixid=M3wxMjA3fDB8MHxwaG90by1wYWdlfHx8fGVufDB8fHx8fA%3D%3D 3570w, https://plus.unsplash.com/premium_photo-1705491760501-e4dad40a1287?q=80&w=3870&auto=format&fit=crop&ixlib=rb-4.0.3&ixid=M3wxMjA3fDB8MHxwaG90by1wYWdlfHx8fGVufDB8fHx8fA%3D%3D 3870w, https://plus.unsplash.com/premium_photo-1705491760501-e4dad40a1287?q=80&w=4140&auto=format&fit=crop&ixlib=rb-4.0.3&ixid=M3wxMjA3fDB8MHxwaG90by1wYWdlfHx8fGVufDB8fHx8fA%3D%3D 4140w, https://plus.unsplash.com/premium_photo-1705491760501-e4dad40a1287?q=80&w=4170&auto=format&fit=crop&ixlib=rb-4.0.3&ixid=M3wxMjA3fDB8MHxwaG90by1wYWdlfHx8fGVufDB8fHx8fA%3D%3D 4170w, https://plus.unsplash.com/premium_photo-1705491760501-e4dad40a1287?q=80&w=4470&auto=format&fit=crop&ixlib=rb-4.0.3&ixid=M3wxMjA3fDB8MHxwaG90by1wYWdlfHx8fGVufDB8fHx8fA%3D%3D 4470w, https://plus.unsplash.com/premium_photo-1705491760501-e4dad40a1287?q=80&w=4608&auto=format&fit=crop&ixlib=rb-4.0.3&ixid=M3wxMjA3fDB8MHxwaG90by1wYWdlfHx8fGVufDB8fHx8fA%3D%3D 4608w']"
['a boat floating on top of a large body of water'],"['Download this HD photo of blue minimal, backgrounds, wallpapers, and screensaver by Hans Isaacson (@hans_isaacson)']",['2023-02-06T11:54:05.000Z'],['https://unsplash.com/photos/a-boat-floating-on-top-of-a-large-body-of-water-FsnfQxITRa0'],"['https://plus.unsplash.com/premium_photo-1675448891138-838478562f6a?q=80&w=870&auto=format&fit=crop&ixlib=rb-4.0.3&ixid=M3wxMjA3fDB8MHxwaG90by1wYWdlfHx8fGVufDB8fHx8fA%3D%3D 870w, https://plus.unsplash.com/premium_photo-1675448891138-838478562f6a?q=80&w=1170&auto=format&fit=crop&ixlib=rb-4.0.3&ixid=M3wxMjA3fDB8MHxwaG90by1wYWdlfHx8fGVufDB8fHx8fA%3D%3D 1170w, https://plus.unsplash.com/premium_photo-1675448891138-838478562f6a?q=80&w=1470&auto=format&fit=crop&ixlib=rb-4.0.3&ixid=M3wxMjA3fDB8MHxwaG90by1wYWdlfHx8fGVufDB8fHx8fA%3D%3D 1470w, https://plus.unsplash.com/premium_photo-1675448891138-838478562f6a?q=80&w=1740&auto=format&fit=crop&ixlib=rb-4.0.3&ixid=M3wxMjA3fDB8MHxwaG90by1wYWdlfHx8fGVufDB8fHx8fA%3D%3D 1740w, https://plus.unsplash.com/premium_photo-1675448891138-838478562f6a?q=80&w=1770&auto=format&fit=crop&ixlib=rb-4.0.3&ixid=M3wxMjA3fDB8MHxwaG90by1wYWdlfHx8fGVufDB8fHx8fA%3D%3D 1770w, https://plus.unsplash.com/premium_photo-1675448891138-838478562f6a?q=80&w=2070&auto=format&fit=crop&ixlib=rb-4.0.3&ixid=M3wxMjA3fDB8MHxwaG90by1wYWdlfHx8fGVufDB8fHx8fA%3D%3D 2070w, https://plus.unsplash.com/premium_photo-1675448891138-838478562f6a?q=80&w=2340&auto=format&fit=crop&ixlib=rb-4.0.3&ixid=M3wxMjA3fDB8MHxwaG90by1wYWdlfHx8fGVufDB8fHx8fA%3D%3D 2340w, https://plus.unsplash.com/premium_photo-1675448891138-838478562f6a?q=80&w=2370&auto=format&fit=crop&ixlib=rb-4.0.3&ixid=M3wxMjA3fDB8MHxwaG90by1wYWdlfHx8fGVufDB8fHx8fA%3D%3D 2370w, https://plus.unsplash.com/premium_photo-1675448891138-838478562f6a?q=80&w=2670&auto=format&fit=crop&ixlib=rb-4.0.3&ixid=M3wxMjA3fDB8MHxwaG90by1wYWdlfHx8fGVufDB8fHx8fA%3D%3D 2670w, https://plus.unsplash.com/premium_photo-1675448891138-838478562f6a?q=80&w=2940&auto=format&fit=crop&ixlib=rb-4.0.3&ixid=M3wxMjA3fDB8MHxwaG90by1wYWdlfHx8fGVufDB8fHx8fA%3D%3D 2940w, https://plus.unsplash.com/premium_photo-1675448891138-838478562f6a?q=80&w=2970&auto=format&fit=crop&ixlib=rb-4.0.3&ixid=M3wxMjA3fDB8MHxwaG90by1wYWdlfHx8fGVufDB8fHx8fA%3D%3D 2970w, https://plus.unsplash.com/premium_photo-1675448891138-838478562f6a?q=80&w=3270&auto=format&fit=crop&ixlib=rb-4.0.3&ixid=M3wxMjA3fDB8MHxwaG90by1wYWdlfHx8fGVufDB8fHx8fA%3D%3D 3270w, https://plus.unsplash.com/premium_photo-1675448891138-838478562f6a?q=80&w=3540&auto=format&fit=crop&ixlib=rb-4.0.3&ixid=M3wxMjA3fDB8MHxwaG90by1wYWdlfHx8fGVufDB8fHx8fA%3D%3D 3540w, https://plus.unsplash.com/premium_photo-1675448891138-838478562f6a?q=80&w=3570&auto=format&fit=crop&ixlib=rb-4.0.3&ixid=M3wxMjA3fDB8MHxwaG90by1wYWdlfHx8fGVufDB8fHx8fA%3D%3D 3570w, https://plus.unsplash.com/premium_photo-1675448891138-838478562f6a?q=80&w=3870&auto=format&fit=crop&ixlib=rb-4.0.3&ixid=M3wxMjA3fDB8MHxwaG90by1wYWdlfHx8fGVufDB8fHx8fA%3D%3D 3870w, https://plus.unsplash.com/premium_photo-1675448891138-838478562f6a?q=80&w=4140&auto=format&fit=crop&ixlib=rb-4.0.3&ixid=M3wxMjA3fDB8MHxwaG90by1wYWdlfHx8fGVufDB8fHx8fA%3D%3D 4140w, https://plus.unsplash.com/premium_photo-1675448891138-838478562f6a?q=80&w=4170&auto=format&fit=crop&ixlib=rb-4.0.3&ixid=M3wxMjA3fDB8MHxwaG90by1wYWdlfHx8fGVufDB8fHx8fA%3D%3D 4170w, https://plus.unsplash.com/premium_photo-1675448891138-838478562f6a?q=80&w=4470&auto=format&fit=crop&ixlib=rb-4.0.3&ixid=M3wxMjA3fDB8MHxwaG90by1wYWdlfHx8fGVufDB8fHx8fA%3D%3D 4470w, https://plus.unsplash.com/premium_photo-1675448891138-838478562f6a?q=80&w=4740&auto=format&fit=crop&ixlib=rb-4.0.3&ixid=M3wxMjA3fDB8MHxwaG90by1wYWdlfHx8fGVufDB8fHx8fA%3D%3D 4740w, https://plus.unsplash.com/premium_photo-1675448891138-838478562f6a?q=80&w=4770&auto=format&fit=crop&ixlib=rb-4.0.3&ixid=M3wxMjA3fDB8MHxwaG90by1wYWdlfHx8fGVufDB8fHx8fA%3D%3D 4770w, https://plus.unsplash.com/premium_photo-1675448891138-838478562f6a?q=80&w=5070&auto=format&fit=crop&ixlib=rb-4.0.3&ixid=M3wxMjA3fDB8MHxwaG90by1wYWdlfHx8fGVufDB8fHx8fA%3D%3D 5070w, https://plus.unsplash.com/premium_photo-1675448891138-838478562f6a?q=80&w=5340&auto=format&fit=crop&ixlib=rb-4.0.3&ixid=M3wxMjA3fDB8MHxwaG90by1wYWdlfHx8fGVufDB8fHx8fA%3D%3D 5340w, https://plus.unsplash.com/premium_photo-1675448891138-838478562f6a?q=80&w=5370&auto=format&fit=crop&ixlib=rb-4.0.3&ixid=M3wxMjA3fDB8MHxwaG90by1wYWdlfHx8fGVufDB8fHx8fA%3D%3D 5370w, https://plus.unsplash.com/premium_photo-1675448891138-838478562f6a?q=80&w=5670&auto=format&fit=crop&ixlib=rb-4.0.3&ixid=M3wxMjA3fDB8MHxwaG90by1wYWdlfHx8fGVufDB8fHx8fA%3D%3D 5670w, https://plus.unsplash.com/premium_photo-1675448891138-838478562f6a?q=80&w=5940&auto=format&fit=crop&ixlib=rb-4.0.3&ixid=M3wxMjA3fDB8MHxwaG90by1wYWdlfHx8fGVufDB8fHx8fA%3D%3D 5940w, https://plus.unsplash.com/premium_photo-1675448891138-838478562f6a?q=80&w=5970&auto=format&fit=crop&ixlib=rb-4.0.3&ixid=M3wxMjA3fDB8MHxwaG90by1wYWdlfHx8fGVufDB8fHx8fA%3D%3D 5970w, https://plus.unsplash.com/premium_photo-1675448891138-838478562f6a?q=80&w=6112&auto=format&fit=crop&ixlib=rb-4.0.3&ixid=M3wxMjA3fDB8MHxwaG90by1wYWdlfHx8fGVufDB8fHx8fA%3D%3D 6112w']"
['boat on sea under orange and blue sky'],['Travel'],['2020-07-28T16:52:12.000Z'],['https://unsplash.com/photos/boat-on-sea-under-orange-and-blue-sky-HAJpLlnwXSg'],"['https://images.unsplash.com/photo-1595955077438-feaa2ddbf423?q=80&w=1032&auto=format&fit=crop&ixlib=rb-4.0.3&ixid=M3wxMjA3fDB8MHxwaG90by1wYWdlfHx8fGVufDB8fHx8fA%3D%3D 1032w, https://images.unsplash.com/photo-1595955077438-feaa2ddbf423?q=80&w=1332&auto=format&fit=crop&ixlib=rb-4.0.3&ixid=M3wxMjA3fDB8MHxwaG90by1wYWdlfHx8fGVufDB8fHx8fA%3D%3D 1332w, https://images.unsplash.com/photo-1595955077438-feaa2ddbf423?q=80&w=1632&auto=format&fit=crop&ixlib=rb-4.0.3&ixid=M3wxMjA3fDB8MHxwaG90by1wYWdlfHx8fGVufDB8fHx8fA%3D%3D 1632w, https://images.unsplash.com/photo-1595955077438-feaa2ddbf423?q=80&w=1932&auto=format&fit=crop&ixlib=rb-4.0.3&ixid=M3wxMjA3fDB8MHxwaG90by1wYWdlfHx8fGVufDB8fHx8fA%3D%3D 1932w, https://images.unsplash.com/photo-1595955077438-feaa2ddbf423?q=80&w=2064&auto=format&fit=crop&ixlib=rb-4.0.3&ixid=M3wxMjA3fDB8MHxwaG90by1wYWdlfHx8fGVufDB8fHx8fA%3D%3D 2064w, https://images.unsplash.com/photo-1595955077438-feaa2ddbf423?q=80&w=2232&auto=format&fit=crop&ixlib=rb-4.0.3&ixid=M3wxMjA3fDB8MHxwaG90by1wYWdlfHx8fGVufDB8fHx8fA%3D%3D 2232w, https://images.unsplash.com/photo-1595955077438-feaa2ddbf423?q=80&w=2532&auto=format&fit=crop&ixlib=rb-4.0.3&ixid=M3wxMjA3fDB8MHxwaG90by1wYWdlfHx8fGVufDB8fHx8fA%3D%3D 2532w, https://images.unsplash.com/photo-1595955077438-feaa2ddbf423?q=80&w=2664&auto=format&fit=crop&ixlib=rb-4.0.3&ixid=M3wxMjA3fDB8MHxwaG90by1wYWdlfHx8fGVufDB8fHx8fA%3D%3D 2664w, https://images.unsplash.com/photo-1595955077438-feaa2ddbf423?q=80&w=2832&auto=format&fit=crop&ixlib=rb-4.0.3&ixid=M3wxMjA3fDB8MHxwaG90by1wYWdlfHx8fGVufDB8fHx8fA%3D%3D 2832w, https://images.unsplash.com/photo-1595955077438-feaa2ddbf423?q=80&w=3132&auto=format&fit=crop&ixlib=rb-4.0.3&ixid=M3wxMjA3fDB8MHxwaG90by1wYWdlfHx8fGVufDB8fHx8fA%3D%3D 3132w, https://images.unsplash.com/photo-1595955077438-feaa2ddbf423?q=80&w=3264&auto=format&fit=crop&ixlib=rb-4.0.3&ixid=M3wxMjA3fDB8MHxwaG90by1wYWdlfHx8fGVufDB8fHx8fA%3D%3D 3264w, https://images.unsplash.com/photo-1595955077438-feaa2ddbf423?q=80&w=3432&auto=format&fit=crop&ixlib=rb-4.0.3&ixid=M3wxMjA3fDB8MHxwaG90by1wYWdlfHx8fGVufDB8fHx8fA%3D%3D 3432w, https://images.unsplash.com/photo-1595955077438-feaa2ddbf423?q=80&w=3732&auto=format&fit=crop&ixlib=rb-4.0.3&ixid=M3wxMjA3fDB8MHxwaG90by1wYWdlfHx8fGVufDB8fHx8fA%3D%3D 3732w, https://images.unsplash.com/photo-1595955077438-feaa2ddbf423?q=80&w=3864&auto=format&fit=crop&ixlib=rb-4.0.3&ixid=M3wxMjA3fDB8MHxwaG90by1wYWdlfHx8fGVufDB8fHx8fA%3D%3D 3864w, https://images.unsplash.com/photo-1595955077438-feaa2ddbf423?q=80&w=4032&auto=format&fit=crop&ixlib=rb-4.0.3&ixid=M3wxMjA3fDB8MHxwaG90by1wYWdlfHx8fGVufDB8fHx8fA%3D%3D 4032w']"
['a person riding a surfboard on top of a body of water'],"['Download this HD photo of outdoors, nature, water, and sea by Hans Isaacson (@hans_isaacson)']",['2023-01-10T15:11:40.000Z'],['https://unsplash.com/photos/a-person-riding-a-surfboard-on-top-of-a-body-of-water-k81TRy0hY7U'],"['https://plus.unsplash.com/premium_photo-1673279432760-dc1454e369ef?q=80&w=387&auto=format&fit=crop&ixlib=rb-4.0.3&ixid=M3wxMjA3fDB8MHxwaG90by1wYWdlfHx8fGVufDB8fHx8fA%3D%3D 387w, https://plus.unsplash.com/premium_photo-1673279432760-dc1454e369ef?q=80&w=687&auto=format&fit=crop&ixlib=rb-4.0.3&ixid=M3wxMjA3fDB8MHxwaG90by1wYWdlfHx8fGVufDB8fHx8fA%3D%3D 687w, https://plus.unsplash.com/premium_photo-1673279432760-dc1454e369ef?q=80&w=774&auto=format&fit=crop&ixlib=rb-4.0.3&ixid=M3wxMjA3fDB8MHxwaG90by1wYWdlfHx8fGVufDB8fHx8fA%3D%3D 774w, https://plus.unsplash.com/premium_photo-1673279432760-dc1454e369ef?q=80&w=987&auto=format&fit=crop&ixlib=rb-4.0.3&ixid=M3wxMjA3fDB8MHxwaG90by1wYWdlfHx8fGVufDB8fHx8fA%3D%3D 987w, https://plus.unsplash.com/premium_photo-1673279432760-dc1454e369ef?q=80&w=1287&auto=format&fit=crop&ixlib=rb-4.0.3&ixid=M3wxMjA3fDB8MHxwaG90by1wYWdlfHx8fGVufDB8fHx8fA%3D%3D 1287w, https://plus.unsplash.com/premium_photo-1673279432760-dc1454e369ef?q=80&w=1374&auto=format&fit=crop&ixlib=rb-4.0.3&ixid=M3wxMjA3fDB8MHxwaG90by1wYWdlfHx8fGVufDB8fHx8fA%3D%3D 1374w, https://plus.unsplash.com/premium_photo-1673279432760-dc1454e369ef?q=80&w=1587&auto=format&fit=crop&ixlib=rb-4.0.3&ixid=M3wxMjA3fDB8MHxwaG90by1wYWdlfHx8fGVufDB8fHx8fA%3D%3D 1587w, https://plus.unsplash.com/premium_photo-1673279432760-dc1454e369ef?q=80&w=1887&auto=format&fit=crop&ixlib=rb-4.0.3&ixid=M3wxMjA3fDB8MHxwaG90by1wYWdlfHx8fGVufDB8fHx8fA%3D%3D 1887w, https://plus.unsplash.com/premium_photo-1673279432760-dc1454e369ef?q=80&w=1974&auto=format&fit=crop&ixlib=rb-4.0.3&ixid=M3wxMjA3fDB8MHxwaG90by1wYWdlfHx8fGVufDB8fHx8fA%3D%3D 1974w, https://plus.unsplash.com/premium_photo-1673279432760-dc1454e369ef?q=80&w=2187&auto=format&fit=crop&ixlib=rb-4.0.3&ixid=M3wxMjA3fDB8MHxwaG90by1wYWdlfHx8fGVufDB8fHx8fA%3D%3D 2187w, https://plus.unsplash.com/premium_photo-1673279432760-dc1454e369ef?q=80&w=2487&auto=format&fit=crop&ixlib=rb-4.0.3&ixid=M3wxMjA3fDB8MHxwaG90by1wYWdlfHx8fGVufDB8fHx8fA%3D%3D 2487w, https://plus.unsplash.com/premium_photo-1673279432760-dc1454e369ef?q=80&w=2574&auto=format&fit=crop&ixlib=rb-4.0.3&ixid=M3wxMjA3fDB8MHxwaG90by1wYWdlfHx8fGVufDB8fHx8fA%3D%3D 2574w, https://plus.unsplash.com/premium_photo-1673279432760-dc1454e369ef?q=80&w=2787&auto=format&fit=crop&ixlib=rb-4.0.3&ixid=M3wxMjA3fDB8MHxwaG90by1wYWdlfHx8fGVufDB8fHx8fA%3D%3D 2787w, https://plus.unsplash.com/premium_photo-1673279432760-dc1454e369ef?q=80&w=3087&auto=format&fit=crop&ixlib=rb-4.0.3&ixid=M3wxMjA3fDB8MHxwaG90by1wYWdlfHx8fGVufDB8fHx8fA%3D%3D 3087w, https://plus.unsplash.com/premium_photo-1673279432760-dc1454e369ef?q=80&w=3174&auto=format&fit=crop&ixlib=rb-4.0.3&ixid=M3wxMjA3fDB8MHxwaG90by1wYWdlfHx8fGVufDB8fHx8fA%3D%3D 3174w, https://plus.unsplash.com/premium_photo-1673279432760-dc1454e369ef?q=80&w=3387&auto=format&fit=crop&ixlib=rb-4.0.3&ixid=M3wxMjA3fDB8MHxwaG90by1wYWdlfHx8fGVufDB8fHx8fA%3D%3D 3387w, https://plus.unsplash.com/premium_photo-1673279432760-dc1454e369ef?q=80&w=3687&auto=format&fit=crop&ixlib=rb-4.0.3&ixid=M3wxMjA3fDB8MHxwaG90by1wYWdlfHx8fGVufDB8fHx8fA%3D%3D 3687w, https://plus.unsplash.com/premium_photo-1673279432760-dc1454e369ef?q=80&w=3774&auto=format&fit=crop&ixlib=rb-4.0.3&ixid=M3wxMjA3fDB8MHxwaG90by1wYWdlfHx8fGVufDB8fHx8fA%3D%3D 3774w, https://plus.unsplash.com/premium_photo-1673279432760-dc1454e369ef?q=80&w=3987&auto=format&fit=crop&ixlib=rb-4.0.3&ixid=M3wxMjA3fDB8MHxwaG90by1wYWdlfHx8fGVufDB8fHx8fA%3D%3D 3987w, https://plus.unsplash.com/premium_photo-1673279432760-dc1454e369ef?q=80&w=4160&auto=format&fit=crop&ixlib=rb-4.0.3&ixid=M3wxMjA3fDB8MHxwaG90by1wYWdlfHx8fGVufDB8fHx8fA%3D%3D 4160w']"
['two seagulls flying over a body of water'],['Seagull'],['2023-12-05T23:54:56.000Z'],['https://unsplash.com/photos/two-seagulls-flying-over-a-body-of-water-NH9VVInZ95U'],"['https://images.unsplash.com/photo-1701820488740-541335f34f62?q=80&w=435&auto=format&fit=crop&ixlib=rb-4.0.3&ixid=M3wxMjA3fDB8MHxwaG90by1wYWdlfHx8fGVufDB8fHx8fA%3D%3D 435w, https://images.unsplash.com/photo-1701820488740-541335f34f62?q=80&w=735&auto=format&fit=crop&ixlib=rb-4.0.3&ixid=M3wxMjA3fDB8MHxwaG90by1wYWdlfHx8fGVufDB8fHx8fA%3D%3D 735w, https://images.unsplash.com/photo-1701820488740-541335f34f62?q=80&w=870&auto=format&fit=crop&ixlib=rb-4.0.3&ixid=M3wxMjA3fDB8MHxwaG90by1wYWdlfHx8fGVufDB8fHx8fA%3D%3D 870w, https://images.unsplash.com/photo-1701820488740-541335f34f62?q=80&w=1035&auto=format&fit=crop&ixlib=rb-4.0.3&ixid=M3wxMjA3fDB8MHxwaG90by1wYWdlfHx8fGVufDB8fHx8fA%3D%3D 1035w, https://images.unsplash.com/photo-1701820488740-541335f34f62?q=80&w=1335&auto=format&fit=crop&ixlib=rb-4.0.3&ixid=M3wxMjA3fDB8MHxwaG90by1wYWdlfHx8fGVufDB8fHx8fA%3D%3D 1335w, https://images.unsplash.com/photo-1701820488740-541335f34f62?q=80&w=1470&auto=format&fit=crop&ixlib=rb-4.0.3&ixid=M3wxMjA3fDB8MHxwaG90by1wYWdlfHx8fGVufDB8fHx8fA%3D%3D 1470w, https://images.unsplash.com/photo-1701820488740-541335f34f62?q=80&w=1635&auto=format&fit=crop&ixlib=rb-4.0.3&ixid=M3wxMjA3fDB8MHxwaG90by1wYWdlfHx8fGVufDB8fHx8fA%3D%3D 1635w, https://images.unsplash.com/photo-1701820488740-541335f34f62?q=80&w=1935&auto=format&fit=crop&ixlib=rb-4.0.3&ixid=M3wxMjA3fDB8MHxwaG90by1wYWdlfHx8fGVufDB8fHx8fA%3D%3D 1935w, https://images.unsplash.com/photo-1701820488740-541335f34f62?q=80&w=2070&auto=format&fit=crop&ixlib=rb-4.0.3&ixid=M3wxMjA3fDB8MHxwaG90by1wYWdlfHx8fGVufDB8fHx8fA%3D%3D 2070w, https://images.unsplash.com/photo-1701820488740-541335f34f62?q=80&w=2235&auto=format&fit=crop&ixlib=rb-4.0.3&ixid=M3wxMjA3fDB8MHxwaG90by1wYWdlfHx8fGVufDB8fHx8fA%3D%3D 2235w, https://images.unsplash.com/photo-1701820488740-541335f34f62?q=80&w=2535&auto=format&fit=crop&ixlib=rb-4.0.3&ixid=M3wxMjA3fDB8MHxwaG90by1wYWdlfHx8fGVufDB8fHx8fA%3D%3D 2535w, https://images.unsplash.com/photo-1701820488740-541335f34f62?q=80&w=2670&auto=format&fit=crop&ixlib=rb-4.0.3&ixid=M3wxMjA3fDB8MHxwaG90by1wYWdlfHx8fGVufDB8fHx8fA%3D%3D 2670w, https://images.unsplash.com/photo-1701820488740-541335f34f62?q=80&w=2835&auto=format&fit=crop&ixlib=rb-4.0.3&ixid=M3wxMjA3fDB8MHxwaG90by1wYWdlfHx8fGVufDB8fHx8fA%3D%3D 2835w, https://images.unsplash.com/photo-1701820488740-541335f34f62?q=80&w=3024&auto=format&fit=crop&ixlib=rb-4.0.3&ixid=M3wxMjA3fDB8MHxwaG90by1wYWdlfHx8fGVufDB8fHx8fA%3D%3D 3024w']"
['a view of a beach and a body of water'],"['Download this free HD photo of –±–µ—Ä–µ–≥, –º–æ—Ä–µ, –ø–ª—è–∂, and outdoors by Skifo (@nat777)']",['2023-09-07T09:23:48.000Z'],['https://unsplash.com/photos/a-view-of-a-beach-and-a-body-of-water-hVp5Ic-fb60'],"['https://images.unsplash.com/photo-1694078605580-2cfa558fddb2?q=80&w=774&auto=format&fit=crop&ixlib=rb-4.0.3&ixid=M3wxMjA3fDB8MHxwaG90by1wYWdlfHx8fGVufDB8fHx8fA%3D%3D 774w, https://images.unsplash.com/photo-1694078605580-2cfa558fddb2?q=80&w=1074&auto=format&fit=crop&ixlib=rb-4.0.3&ixid=M3wxMjA3fDB8MHxwaG90by1wYWdlfHx8fGVufDB8fHx8fA%3D%3D 1074w, https://images.unsplash.com/photo-1694078605580-2cfa558fddb2?q=80&w=1374&auto=format&fit=crop&ixlib=rb-4.0.3&ixid=M3wxMjA3fDB8MHxwaG90by1wYWdlfHx8fGVufDB8fHx8fA%3D%3D 1374w, https://images.unsplash.com/photo-1694078605580-2cfa558fddb2?q=80&w=1548&auto=format&fit=crop&ixlib=rb-4.0.3&ixid=M3wxMjA3fDB8MHxwaG90by1wYWdlfHx8fGVufDB8fHx8fA%3D%3D 1548w, https://images.unsplash.com/photo-1694078605580-2cfa558fddb2?q=80&w=1674&auto=format&fit=crop&ixlib=rb-4.0.3&ixid=M3wxMjA3fDB8MHxwaG90by1wYWdlfHx8fGVufDB8fHx8fA%3D%3D 1674w, https://images.unsplash.com/photo-1694078605580-2cfa558fddb2?q=80&w=1974&auto=format&fit=crop&ixlib=rb-4.0.3&ixid=M3wxMjA3fDB8MHxwaG90by1wYWdlfHx8fGVufDB8fHx8fA%3D%3D 1974w, https://images.unsplash.com/photo-1694078605580-2cfa558fddb2?q=80&w=2148&auto=format&fit=crop&ixlib=rb-4.0.3&ixid=M3wxMjA3fDB8MHxwaG90by1wYWdlfHx8fGVufDB8fHx8fA%3D%3D 2148w, https://images.unsplash.com/photo-1694078605580-2cfa558fddb2?q=80&w=2274&auto=format&fit=crop&ixlib=rb-4.0.3&ixid=M3wxMjA3fDB8MHxwaG90by1wYWdlfHx8fGVufDB8fHx8fA%3D%3D 2274w, https://images.unsplash.com/photo-1694078605580-2cfa558fddb2?q=80&w=2574&auto=format&fit=crop&ixlib=rb-4.0.3&ixid=M3wxMjA3fDB8MHxwaG90by1wYWdlfHx8fGVufDB8fHx8fA%3D%3D 2574w, https://images.unsplash.com/photo-1694078605580-2cfa558fddb2?q=80&w=2748&auto=format&fit=crop&ixlib=rb-4.0.3&ixid=M3wxMjA3fDB8MHxwaG90by1wYWdlfHx8fGVufDB8fHx8fA%3D%3D 2748w, https://images.unsplash.com/photo-1694078605580-2cfa558fddb2?q=80&w=2874&auto=format&fit=crop&ixlib=rb-4.0.3&ixid=M3wxMjA3fDB8MHxwaG90by1wYWdlfHx8fGVufDB8fHx8fA%3D%3D 2874w, https://images.unsplash.com/photo-1694078605580-2cfa558fddb2?q=80&w=3174&auto=format&fit=crop&ixlib=rb-4.0.3&ixid=M3wxMjA3fDB8MHxwaG90by1wYWdlfHx8fGVufDB8fHx8fA%3D%3D 3174w, https://images.unsplash.com/photo-1694078605580-2cfa558fddb2?q=80&w=3348&auto=format&fit=crop&ixlib=rb-4.0.3&ixid=M3wxMjA3fDB8MHxwaG90by1wYWdlfHx8fGVufDB8fHx8fA%3D%3D 3348w, https://images.unsplash.com/photo-1694078605580-2cfa558fddb2?q=80&w=3474&auto=format&fit=crop&ixlib=rb-4.0.3&ixid=M3wxMjA3fDB8MHxwaG90by1wYWdlfHx8fGVufDB8fHx8fA%3D%3D 3474w, https://images.unsplash.com/photo-1694078605580-2cfa558fddb2?q=80&w=3648&auto=format&fit=crop&ixlib=rb-4.0.3&ixid=M3wxMjA3fDB8MHxwaG90by1wYWdlfHx8fGVufDB8fHx8fA%3D%3D 3648w']"
['body of water during golden hour'],['1 more amaizing sunset'],['2019-08-26T09:34:12.000Z'],['https://unsplash.com/photos/body-of-water-during-golden-hour-ueV1lir7zFY'],"['https://images.unsplash.com/photo-1566812017647-f4cd97b3407f?q=80&w=387&auto=format&fit=crop&ixlib=rb-4.0.3&ixid=M3wxMjA3fDB8MHxwaG90by1wYWdlfHx8fGVufDB8fHx8fA%3D%3D 387w, https://images.unsplash.com/photo-1566812017647-f4cd97b3407f?q=80&w=687&auto=format&fit=crop&ixlib=rb-4.0.3&ixid=M3wxMjA3fDB8MHxwaG90by1wYWdlfHx8fGVufDB8fHx8fA%3D%3D 687w, https://images.unsplash.com/photo-1566812017647-f4cd97b3407f?q=80&w=774&auto=format&fit=crop&ixlib=rb-4.0.3&ixid=M3wxMjA3fDB8MHxwaG90by1wYWdlfHx8fGVufDB8fHx8fA%3D%3D 774w, https://images.unsplash.com/photo-1566812017647-f4cd97b3407f?q=80&w=987&auto=format&fit=crop&ixlib=rb-4.0.3&ixid=M3wxMjA3fDB8MHxwaG90by1wYWdlfHx8fGVufDB8fHx8fA%3D%3D 987w, https://images.unsplash.com/photo-1566812017647-f4cd97b3407f?q=80&w=1287&auto=format&fit=crop&ixlib=rb-4.0.3&ixid=M3wxMjA3fDB8MHxwaG90by1wYWdlfHx8fGVufDB8fHx8fA%3D%3D 1287w, https://images.unsplash.com/photo-1566812017647-f4cd97b3407f?q=80&w=1374&auto=format&fit=crop&ixlib=rb-4.0.3&ixid=M3wxMjA3fDB8MHxwaG90by1wYWdlfHx8fGVufDB8fHx8fA%3D%3D 1374w, https://images.unsplash.com/photo-1566812017647-f4cd97b3407f?q=80&w=1587&auto=format&fit=crop&ixlib=rb-4.0.3&ixid=M3wxMjA3fDB8MHxwaG90by1wYWdlfHx8fGVufDB8fHx8fA%3D%3D 1587w, https://images.unsplash.com/photo-1566812017647-f4cd97b3407f?q=80&w=1887&auto=format&fit=crop&ixlib=rb-4.0.3&ixid=M3wxMjA3fDB8MHxwaG90by1wYWdlfHx8fGVufDB8fHx8fA%3D%3D 1887w, https://images.unsplash.com/photo-1566812017647-f4cd97b3407f?q=80&w=1974&auto=format&fit=crop&ixlib=rb-4.0.3&ixid=M3wxMjA3fDB8MHxwaG90by1wYWdlfHx8fGVufDB8fHx8fA%3D%3D 1974w, https://images.unsplash.com/photo-1566812017647-f4cd97b3407f?q=80&w=2187&auto=format&fit=crop&ixlib=rb-4.0.3&ixid=M3wxMjA3fDB8MHxwaG90by1wYWdlfHx8fGVufDB8fHx8fA%3D%3D 2187w, https://images.unsplash.com/photo-1566812017647-f4cd97b3407f?q=80&w=2487&auto=format&fit=crop&ixlib=rb-4.0.3&ixid=M3wxMjA3fDB8MHxwaG90by1wYWdlfHx8fGVufDB8fHx8fA%3D%3D 2487w, https://images.unsplash.com/photo-1566812017647-f4cd97b3407f?q=80&w=2574&auto=format&fit=crop&ixlib=rb-4.0.3&ixid=M3wxMjA3fDB8MHxwaG90by1wYWdlfHx8fGVufDB8fHx8fA%3D%3D 2574w, https://images.unsplash.com/photo-1566812017647-f4cd97b3407f?q=80&w=2787&auto=format&fit=crop&ixlib=rb-4.0.3&ixid=M3wxMjA3fDB8MHxwaG90by1wYWdlfHx8fGVufDB8fHx8fA%3D%3D 2787w, https://images.unsplash.com/photo-1566812017647-f4cd97b3407f?q=80&w=3087&auto=format&fit=crop&ixlib=rb-4.0.3&ixid=M3wxMjA3fDB8MHxwaG90by1wYWdlfHx8fGVufDB8fHx8fA%3D%3D 3087w, https://images.unsplash.com/photo-1566812017647-f4cd97b3407f?q=80&w=3174&auto=format&fit=crop&ixlib=rb-4.0.3&ixid=M3wxMjA3fDB8MHxwaG90by1wYWdlfHx8fGVufDB8fHx8fA%3D%3D 3174w, https://images.unsplash.com/photo-1566812017647-f4cd97b3407f?q=80&w=3387&auto=format&fit=crop&ixlib=rb-4.0.3&ixid=M3wxMjA3fDB8MHxwaG90by1wYWdlfHx8fGVufDB8fHx8fA%3D%3D 3387w, https://images.unsplash.com/photo-1566812017647-f4cd97b3407f?q=80&w=3687&auto=format&fit=crop&ixlib=rb-4.0.3&ixid=M3wxMjA3fDB8MHxwaG90by1wYWdlfHx8fGVufDB8fHx8fA%3D%3D 3687w, https://images.unsplash.com/photo-1566812017647-f4cd97b3407f?q=80&w=3774&auto=format&fit=crop&ixlib=rb-4.0.3&ixid=M3wxMjA3fDB8MHxwaG90by1wYWdlfHx8fGVufDB8fHx8fA%3D%3D 3774w, https://images.unsplash.com/photo-1566812017647-f4cd97b3407f?q=80&w=3987&auto=format&fit=crop&ixlib=rb-4.0.3&ixid=M3wxMjA3fDB8MHxwaG90by1wYWdlfHx8fGVufDB8fHx8fA%3D%3D 3987w, https://images.unsplash.com/photo-1566812017647-f4cd97b3407f?q=80&w=4000&auto=format&fit=crop&ixlib=rb-4.0.3&ixid=M3wxMjA3fDB8MHxwaG90by1wYWdlfHx8fGVufDB8fHx8fA%3D%3D 4000w']"
['brown rocky mountain beside beach'],"['Download this free HD photo of portugal, capa roca, sailing, and surfing in Portugal by Svetlana Gumerova (@bananablackcat)']",['2019-05-23T15:01:16.000Z'],['https://unsplash.com/photos/brown-rocky-mountain-beside-beach-NHzuwqtrKFU'],"['https://images.unsplash.com/photo-1558623628-24e212d09f0e?q=80&w=387&auto=format&fit=crop&ixlib=rb-4.0.3&ixid=M3wxMjA3fDB8MHxwaG90by1wYWdlfHx8fGVufDB8fHx8fA%3D%3D 387w, https://images.unsplash.com/photo-1558623628-24e212d09f0e?q=80&w=687&auto=format&fit=crop&ixlib=rb-4.0.3&ixid=M3wxMjA3fDB8MHxwaG90by1wYWdlfHx8fGVufDB8fHx8fA%3D%3D 687w, https://images.unsplash.com/photo-1558623628-24e212d09f0e?q=80&w=774&auto=format&fit=crop&ixlib=rb-4.0.3&ixid=M3wxMjA3fDB8MHxwaG90by1wYWdlfHx8fGVufDB8fHx8fA%3D%3D 774w, https://images.unsplash.com/photo-1558623628-24e212d09f0e?q=80&w=987&auto=format&fit=crop&ixlib=rb-4.0.3&ixid=M3wxMjA3fDB8MHxwaG90by1wYWdlfHx8fGVufDB8fHx8fA%3D%3D 987w, https://images.unsplash.com/photo-1558623628-24e212d09f0e?q=80&w=1287&auto=format&fit=crop&ixlib=rb-4.0.3&ixid=M3wxMjA3fDB8MHxwaG90by1wYWdlfHx8fGVufDB8fHx8fA%3D%3D 1287w, https://images.unsplash.com/photo-1558623628-24e212d09f0e?q=80&w=1374&auto=format&fit=crop&ixlib=rb-4.0.3&ixid=M3wxMjA3fDB8MHxwaG90by1wYWdlfHx8fGVufDB8fHx8fA%3D%3D 1374w, https://images.unsplash.com/photo-1558623628-24e212d09f0e?q=80&w=1587&auto=format&fit=crop&ixlib=rb-4.0.3&ixid=M3wxMjA3fDB8MHxwaG90by1wYWdlfHx8fGVufDB8fHx8fA%3D%3D 1587w, https://images.unsplash.com/photo-1558623628-24e212d09f0e?q=80&w=1887&auto=format&fit=crop&ixlib=rb-4.0.3&ixid=M3wxMjA3fDB8MHxwaG90by1wYWdlfHx8fGVufDB8fHx8fA%3D%3D 1887w, https://images.unsplash.com/photo-1558623628-24e212d09f0e?q=80&w=1974&auto=format&fit=crop&ixlib=rb-4.0.3&ixid=M3wxMjA3fDB8MHxwaG90by1wYWdlfHx8fGVufDB8fHx8fA%3D%3D 1974w, https://images.unsplash.com/photo-1558623628-24e212d09f0e?q=80&w=2187&auto=format&fit=crop&ixlib=rb-4.0.3&ixid=M3wxMjA3fDB8MHxwaG90by1wYWdlfHx8fGVufDB8fHx8fA%3D%3D 2187w, https://images.unsplash.com/photo-1558623628-24e212d09f0e?q=80&w=2487&auto=format&fit=crop&ixlib=rb-4.0.3&ixid=M3wxMjA3fDB8MHxwaG90by1wYWdlfHx8fGVufDB8fHx8fA%3D%3D 2487w, https://images.unsplash.com/photo-1558623628-24e212d09f0e?q=80&w=2574&auto=format&fit=crop&ixlib=rb-4.0.3&ixid=M3wxMjA3fDB8MHxwaG90by1wYWdlfHx8fGVufDB8fHx8fA%3D%3D 2574w, https://images.unsplash.com/photo-1558623628-24e212d09f0e?q=80&w=2787&auto=format&fit=crop&ixlib=rb-4.0.3&ixid=M3wxMjA3fDB8MHxwaG90by1wYWdlfHx8fGVufDB8fHx8fA%3D%3D 2787w, https://images.unsplash.com/photo-1558623628-24e212d09f0e?q=80&w=3072&auto=format&fit=crop&ixlib=rb-4.0.3&ixid=M3wxMjA3fDB8MHxwaG90by1wYWdlfHx8fGVufDB8fHx8fA%3D%3D 3072w']"
['woman in white and red floral skirt standing on beach during daytime'],"['Download this free HD photo of fashion, –æ–¥–µ—Å—Å–∫–∞—è –æ–±–ª–∞—Å—Ç—å, –æ–¥–µ—Å—Å–∞, and —É–∫—Ä–∞–∏–Ω–∞ in –û–¥–µ—Å—Å–∞, –£–∫—Ä–∞–∏–Ω–∞ by Nadia Sitova (@nadiasitova)']",['2020-11-22T12:55:14.000Z'],['https://unsplash.com/photos/woman-in-white-and-red-floral-skirt-standing-on-beach-during-daytime-C7vSp-FRsSM'],"['https://images.unsplash.com/photo-1606049330487-f9dbd32bddcd?q=80&w=388&auto=format&fit=crop&ixlib=rb-4.0.3&ixid=M3wxMjA3fDB8MHxwaG90by1wYWdlfHx8fGVufDB8fHx8fA%3D%3D 388w, https://images.unsplash.com/photo-1606049330487-f9dbd32bddcd?q=80&w=688&auto=format&fit=crop&ixlib=rb-4.0.3&ixid=M3wxMjA3fDB8MHxwaG90by1wYWdlfHx8fGVufDB8fHx8fA%3D%3D 688w, https://images.unsplash.com/photo-1606049330487-f9dbd32bddcd?q=80&w=776&auto=format&fit=crop&ixlib=rb-4.0.3&ixid=M3wxMjA3fDB8MHxwaG90by1wYWdlfHx8fGVufDB8fHx8fA%3D%3D 776w, https://images.unsplash.com/photo-1606049330487-f9dbd32bddcd?q=80&w=988&auto=format&fit=crop&ixlib=rb-4.0.3&ixid=M3wxMjA3fDB8MHxwaG90by1wYWdlfHx8fGVufDB8fHx8fA%3D%3D 988w, https://images.unsplash.com/photo-1606049330487-f9dbd32bddcd?q=80&w=1288&auto=format&fit=crop&ixlib=rb-4.0.3&ixid=M3wxMjA3fDB8MHxwaG90by1wYWdlfHx8fGVufDB8fHx8fA%3D%3D 1288w, https://images.unsplash.com/photo-1606049330487-f9dbd32bddcd?q=80&w=1376&auto=format&fit=crop&ixlib=rb-4.0.3&ixid=M3wxMjA3fDB8MHxwaG90by1wYWdlfHx8fGVufDB8fHx8fA%3D%3D 1376w, https://images.unsplash.com/photo-1606049330487-f9dbd32bddcd?q=80&w=1588&auto=format&fit=crop&ixlib=rb-4.0.3&ixid=M3wxMjA3fDB8MHxwaG90by1wYWdlfHx8fGVufDB8fHx8fA%3D%3D 1588w, https://images.unsplash.com/photo-1606049330487-f9dbd32bddcd?q=80&w=1888&auto=format&fit=crop&ixlib=rb-4.0.3&ixid=M3wxMjA3fDB8MHxwaG90by1wYWdlfHx8fGVufDB8fHx8fA%3D%3D 1888w, https://images.unsplash.com/photo-1606049330487-f9dbd32bddcd?q=80&w=1976&auto=format&fit=crop&ixlib=rb-4.0.3&ixid=M3wxMjA3fDB8MHxwaG90by1wYWdlfHx8fGVufDB8fHx8fA%3D%3D 1976w, https://images.unsplash.com/photo-1606049330487-f9dbd32bddcd?q=80&w=2188&auto=format&fit=crop&ixlib=rb-4.0.3&ixid=M3wxMjA3fDB8MHxwaG90by1wYWdlfHx8fGVufDB8fHx8fA%3D%3D 2188w, https://images.unsplash.com/photo-1606049330487-f9dbd32bddcd?q=80&w=2488&auto=format&fit=crop&ixlib=rb-4.0.3&ixid=M3wxMjA3fDB8MHxwaG90by1wYWdlfHx8fGVufDB8fHx8fA%3D%3D 2488w, https://images.unsplash.com/photo-1606049330487-f9dbd32bddcd?q=80&w=2576&auto=format&fit=crop&ixlib=rb-4.0.3&ixid=M3wxMjA3fDB8MHxwaG90by1wYWdlfHx8fGVufDB8fHx8fA%3D%3D 2576w, https://images.unsplash.com/photo-1606049330487-f9dbd32bddcd?q=80&w=2788&auto=format&fit=crop&ixlib=rb-4.0.3&ixid=M3wxMjA3fDB8MHxwaG90by1wYWdlfHx8fGVufDB8fHx8fA%3D%3D 2788w, https://images.unsplash.com/photo-1606049330487-f9dbd32bddcd?q=80&w=3088&auto=format&fit=crop&ixlib=rb-4.0.3&ixid=M3wxMjA3fDB8MHxwaG90by1wYWdlfHx8fGVufDB8fHx8fA%3D%3D 3088w, https://images.unsplash.com/photo-1606049330487-f9dbd32bddcd?q=80&w=3176&auto=format&fit=crop&ixlib=rb-4.0.3&ixid=M3wxMjA3fDB8MHxwaG90by1wYWdlfHx8fGVufDB8fHx8fA%3D%3D 3176w, https://images.unsplash.com/photo-1606049330487-f9dbd32bddcd?q=80&w=3388&auto=format&fit=crop&ixlib=rb-4.0.3&ixid=M3wxMjA3fDB8MHxwaG90by1wYWdlfHx8fGVufDB8fHx8fA%3D%3D 3388w, https://images.unsplash.com/photo-1606049330487-f9dbd32bddcd?q=80&w=3688&auto=format&fit=crop&ixlib=rb-4.0.3&ixid=M3wxMjA3fDB8MHxwaG90by1wYWdlfHx8fGVufDB8fHx8fA%3D%3D 3688w, https://images.unsplash.com/photo-1606049330487-f9dbd32bddcd?q=80&w=3776&auto=format&fit=crop&ixlib=rb-4.0.3&ixid=M3wxMjA3fDB8MHxwaG90by1wYWdlfHx8fGVufDB8fHx8fA%3D%3D 3776w, https://images.unsplash.com/photo-1606049330487-f9dbd32bddcd?q=80&w=3988&auto=format&fit=crop&ixlib=rb-4.0.3&ixid=M3wxMjA3fDB8MHxwaG90by1wYWdlfHx8fGVufDB8fHx8fA%3D%3D 3988w, https://images.unsplash.com/photo-1606049330487-f9dbd32bddcd?q=80&w=4016&auto=format&fit=crop&ixlib=rb-4.0.3&ixid=M3wxMjA3fDB8MHxwaG90by1wYWdlfHx8fGVufDB8fHx8fA%3D%3D 4016w']"
['brown sand with green trees in the distance'],"['Download this free HD photo of —Ä–æ—Å—Å–∏—è, ground, road, and gravel in –†–æ—Å—Å–∏—è by MILAN GAZIEV (@milanch)']",['2021-06-14T06:44:45.000Z'],['https://unsplash.com/photos/brown-sand-with-green-trees-in-the-distance-7AUHrartqbM'],"['https://images.unsplash.com/photo-1623653074893-6e1f9baeaf95?q=80&w=435&auto=format&fit=crop&ixlib=rb-4.0.3&ixid=M3wxMjA3fDB8MHxwaG90by1wYWdlfHx8fGVufDB8fHx8fA%3D%3D 435w, https://images.unsplash.com/photo-1623653074893-6e1f9baeaf95?q=80&w=735&auto=format&fit=crop&ixlib=rb-4.0.3&ixid=M3wxMjA3fDB8MHxwaG90by1wYWdlfHx8fGVufDB8fHx8fA%3D%3D 735w, https://images.unsplash.com/photo-1623653074893-6e1f9baeaf95?q=80&w=870&auto=format&fit=crop&ixlib=rb-4.0.3&ixid=M3wxMjA3fDB8MHxwaG90by1wYWdlfHx8fGVufDB8fHx8fA%3D%3D 870w, https://images.unsplash.com/photo-1623653074893-6e1f9baeaf95?q=80&w=1035&auto=format&fit=crop&ixlib=rb-4.0.3&ixid=M3wxMjA3fDB8MHxwaG90by1wYWdlfHx8fGVufDB8fHx8fA%3D%3D 1035w, https://images.unsplash.com/photo-1623653074893-6e1f9baeaf95?q=80&w=1335&auto=format&fit=crop&ixlib=rb-4.0.3&ixid=M3wxMjA3fDB8MHxwaG90by1wYWdlfHx8fGVufDB8fHx8fA%3D%3D 1335w, https://images.unsplash.com/photo-1623653074893-6e1f9baeaf95?q=80&w=1470&auto=format&fit=crop&ixlib=rb-4.0.3&ixid=M3wxMjA3fDB8MHxwaG90by1wYWdlfHx8fGVufDB8fHx8fA%3D%3D 1470w, https://images.unsplash.com/photo-1623653074893-6e1f9baeaf95?q=80&w=1635&auto=format&fit=crop&ixlib=rb-4.0.3&ixid=M3wxMjA3fDB8MHxwaG90by1wYWdlfHx8fGVufDB8fHx8fA%3D%3D 1635w, https://images.unsplash.com/photo-1623653074893-6e1f9baeaf95?q=80&w=1935&auto=format&fit=crop&ixlib=rb-4.0.3&ixid=M3wxMjA3fDB8MHxwaG90by1wYWdlfHx8fGVufDB8fHx8fA%3D%3D 1935w, https://images.unsplash.com/photo-1623653074893-6e1f9baeaf95?q=80&w=2070&auto=format&fit=crop&ixlib=rb-4.0.3&ixid=M3wxMjA3fDB8MHxwaG90by1wYWdlfHx8fGVufDB8fHx8fA%3D%3D 2070w, https://images.unsplash.com/photo-1623653074893-6e1f9baeaf95?q=80&w=2235&auto=format&fit=crop&ixlib=rb-4.0.3&ixid=M3wxMjA3fDB8MHxwaG90by1wYWdlfHx8fGVufDB8fHx8fA%3D%3D 2235w, https://images.unsplash.com/photo-1623653074893-6e1f9baeaf95?q=80&w=2535&auto=format&fit=crop&ixlib=rb-4.0.3&ixid=M3wxMjA3fDB8MHxwaG90by1wYWdlfHx8fGVufDB8fHx8fA%3D%3D 2535w, https://images.unsplash.com/photo-1623653074893-6e1f9baeaf95?q=80&w=2670&auto=format&fit=crop&ixlib=rb-4.0.3&ixid=M3wxMjA3fDB8MHxwaG90by1wYWdlfHx8fGVufDB8fHx8fA%3D%3D 2670w, https://images.unsplash.com/photo-1623653074893-6e1f9baeaf95?q=80&w=2835&auto=format&fit=crop&ixlib=rb-4.0.3&ixid=M3wxMjA3fDB8MHxwaG90by1wYWdlfHx8fGVufDB8fHx8fA%3D%3D 2835w, https://images.unsplash.com/photo-1623653074893-6e1f9baeaf95?q=80&w=3024&auto=format&fit=crop&ixlib=rb-4.0.3&ixid=M3wxMjA3fDB8MHxwaG90by1wYWdlfHx8fGVufDB8fHx8fA%3D%3D 3024w']"
['a view of a beach with waves coming in from the ocean'],['Download this free HD photo of –º–æ—Ä–µ by Skifo (@nat777)'],['2023-09-05T13:04:27.000Z'],['https://unsplash.com/photos/a-view-of-a-beach-with-waves-coming-in-from-the-ocean-EBwsfmsJL1E'],"['https://images.unsplash.com/photo-1693919051221-a6b6a8e2c16d?q=80&w=870&auto=format&fit=crop&ixlib=rb-4.0.3&ixid=M3wxMjA3fDB8MHxwaG90by1wYWdlfHx8fGVufDB8fHx8fA%3D%3D 870w, https://images.unsplash.com/photo-1693919051221-a6b6a8e2c16d?q=80&w=1170&auto=format&fit=crop&ixlib=rb-4.0.3&ixid=M3wxMjA3fDB8MHxwaG90by1wYWdlfHx8fGVufDB8fHx8fA%3D%3D 1170w, https://images.unsplash.com/photo-1693919051221-a6b6a8e2c16d?q=80&w=1470&auto=format&fit=crop&ixlib=rb-4.0.3&ixid=M3wxMjA3fDB8MHxwaG90by1wYWdlfHx8fGVufDB8fHx8fA%3D%3D 1470w, https://images.unsplash.com/photo-1693919051221-a6b6a8e2c16d?q=80&w=1740&auto=format&fit=crop&ixlib=rb-4.0.3&ixid=M3wxMjA3fDB8MHxwaG90by1wYWdlfHx8fGVufDB8fHx8fA%3D%3D 1740w, https://images.unsplash.com/photo-1693919051221-a6b6a8e2c16d?q=80&w=1770&auto=format&fit=crop&ixlib=rb-4.0.3&ixid=M3wxMjA3fDB8MHxwaG90by1wYWdlfHx8fGVufDB8fHx8fA%3D%3D 1770w, https://images.unsplash.com/photo-1693919051221-a6b6a8e2c16d?q=80&w=2070&auto=format&fit=crop&ixlib=rb-4.0.3&ixid=M3wxMjA3fDB8MHxwaG90by1wYWdlfHx8fGVufDB8fHx8fA%3D%3D 2070w, https://images.unsplash.com/photo-1693919051221-a6b6a8e2c16d?q=80&w=2340&auto=format&fit=crop&ixlib=rb-4.0.3&ixid=M3wxMjA3fDB8MHxwaG90by1wYWdlfHx8fGVufDB8fHx8fA%3D%3D 2340w, https://images.unsplash.com/photo-1693919051221-a6b6a8e2c16d?q=80&w=2370&auto=format&fit=crop&ixlib=rb-4.0.3&ixid=M3wxMjA3fDB8MHxwaG90by1wYWdlfHx8fGVufDB8fHx8fA%3D%3D 2370w, https://images.unsplash.com/photo-1693919051221-a6b6a8e2c16d?q=80&w=2670&auto=format&fit=crop&ixlib=rb-4.0.3&ixid=M3wxMjA3fDB8MHxwaG90by1wYWdlfHx8fGVufDB8fHx8fA%3D%3D 2670w, https://images.unsplash.com/photo-1693919051221-a6b6a8e2c16d?q=80&w=2940&auto=format&fit=crop&ixlib=rb-4.0.3&ixid=M3wxMjA3fDB8MHxwaG90by1wYWdlfHx8fGVufDB8fHx8fA%3D%3D 2940w, https://images.unsplash.com/photo-1693919051221-a6b6a8e2c16d?q=80&w=2970&auto=format&fit=crop&ixlib=rb-4.0.3&ixid=M3wxMjA3fDB8MHxwaG90by1wYWdlfHx8fGVufDB8fHx8fA%3D%3D 2970w, https://images.unsplash.com/photo-1693919051221-a6b6a8e2c16d?q=80&w=3270&auto=format&fit=crop&ixlib=rb-4.0.3&ixid=M3wxMjA3fDB8MHxwaG90by1wYWdlfHx8fGVufDB8fHx8fA%3D%3D 3270w, https://images.unsplash.com/photo-1693919051221-a6b6a8e2c16d?q=80&w=3540&auto=format&fit=crop&ixlib=rb-4.0.3&ixid=M3wxMjA3fDB8MHxwaG90by1wYWdlfHx8fGVufDB8fHx8fA%3D%3D 3540w, https://images.unsplash.com/photo-1693919051221-a6b6a8e2c16d?q=80&w=3570&auto=format&fit=crop&ixlib=rb-4.0.3&ixid=M3wxMjA3fDB8MHxwaG90by1wYWdlfHx8fGVufDB8fHx8fA%3D%3D 3570w, https://images.unsplash.com/photo-1693919051221-a6b6a8e2c16d?q=80&w=3870&auto=format&fit=crop&ixlib=rb-4.0.3&ixid=M3wxMjA3fDB8MHxwaG90by1wYWdlfHx8fGVufDB8fHx8fA%3D%3D 3870w, https://images.unsplash.com/photo-1693919051221-a6b6a8e2c16d?q=80&w=4140&auto=format&fit=crop&ixlib=rb-4.0.3&ixid=M3wxMjA3fDB8MHxwaG90by1wYWdlfHx8fGVufDB8fHx8fA%3D%3D 4140w, https://images.unsplash.com/photo-1693919051221-a6b6a8e2c16d?q=80&w=4170&auto=format&fit=crop&ixlib=rb-4.0.3&ixid=M3wxMjA3fDB8MHxwaG90by1wYWdlfHx8fGVufDB8fHx8fA%3D%3D 4170w, https://images.unsplash.com/photo-1693919051221-a6b6a8e2c16d?q=80&w=4470&auto=format&fit=crop&ixlib=rb-4.0.3&ixid=M3wxMjA3fDB8MHxwaG90by1wYWdlfHx8fGVufDB8fHx8fA%3D%3D 4470w, https://images.unsplash.com/photo-1693919051221-a6b6a8e2c16d?q=80&w=4740&auto=format&fit=crop&ixlib=rb-4.0.3&ixid=M3wxMjA3fDB8MHxwaG90by1wYWdlfHx8fGVufDB8fHx8fA%3D%3D 4740w, https://images.unsplash.com/photo-1693919051221-a6b6a8e2c16d?q=80&w=4770&auto=format&fit=crop&ixlib=rb-4.0.3&ixid=M3wxMjA3fDB8MHxwaG90by1wYWdlfHx8fGVufDB8fHx8fA%3D%3D 4770w, https://images.unsplash.com/photo-1693919051221-a6b6a8e2c16d?q=80&w=5070&auto=format&fit=crop&ixlib=rb-4.0.3&ixid=M3wxMjA3fDB8MHxwaG90by1wYWdlfHx8fGVufDB8fHx8fA%3D%3D 5070w, https://images.unsplash.com/photo-1693919051221-a6b6a8e2c16d?q=80&w=5340&auto=format&fit=crop&ixlib=rb-4.0.3&ixid=M3wxMjA3fDB8MHxwaG90by1wYWdlfHx8fGVufDB8fHx8fA%3D%3D 5340w, https://images.unsplash.com/photo-1693919051221-a6b6a8e2c16d?q=80&w=5370&auto=format&fit=crop&ixlib=rb-4.0.3&ixid=M3wxMjA3fDB8MHxwaG90by1wYWdlfHx8fGVufDB8fHx8fA%3D%3D 5370w, https://images.unsplash.com/photo-1693919051221-a6b6a8e2c16d?q=80&w=5670&auto=format&fit=crop&ixlib=rb-4.0.3&ixid=M3wxMjA3fDB8MHxwaG90by1wYWdlfHx8fGVufDB8fHx8fA%3D%3D 5670w, https://images.unsplash.com/photo-1693919051221-a6b6a8e2c16d?q=80&w=5940&auto=format&fit=crop&ixlib=rb-4.0.3&ixid=M3wxMjA3fDB8MHxwaG90by1wYWdlfHx8fGVufDB8fHx8fA%3D%3D 5940w, https://images.unsplash.com/photo-1693919051221-a6b6a8e2c16d?q=80&w=5970&auto=format&fit=crop&ixlib=rb-4.0.3&ixid=M3wxMjA3fDB8MHxwaG90by1wYWdlfHx8fGVufDB8fHx8fA%3D%3D 5970w, https://images.unsplash.com/photo-1693919051221-a6b6a8e2c16d?q=80&w=6000&auto=format&fit=crop&ixlib=rb-4.0.3&ixid=M3wxMjA3fDB8MHxwaG90by1wYWdlfHx8fGVufDB8fHx8fA%3D%3D 6000w']"
['brown and green rocky mountain beside body of water during daytime'],['C–∫–∞–ª—ã –≤ –±–∏—Ä—é–∑–æ–≤–æ–π –ª–∞–≥—É–Ω–µ'],['2021-07-31T04:56:25.000Z'],['https://unsplash.com/photos/brown-and-green-rocky-mountain-beside-body-of-water-during-daytime-KjVqEPaptKg'],"['https://images.unsplash.com/photo-1627706073603-844a9ffc650c?q=80&w=915&auto=format&fit=crop&ixlib=rb-4.0.3&ixid=M3wxMjA3fDB8MHxwaG90by1wYWdlfHx8fGVufDB8fHx8fA%3D%3D 915w, https://images.unsplash.com/photo-1627706073603-844a9ffc650c?q=80&w=1215&auto=format&fit=crop&ixlib=rb-4.0.3&ixid=M3wxMjA3fDB8MHxwaG90by1wYWdlfHx8fGVufDB8fHx8fA%3D%3D 1215w, https://images.unsplash.com/photo-1627706073603-844a9ffc650c?q=80&w=1515&auto=format&fit=crop&ixlib=rb-4.0.3&ixid=M3wxMjA3fDB8MHxwaG90by1wYWdlfHx8fGVufDB8fHx8fA%3D%3D 1515w, https://images.unsplash.com/photo-1627706073603-844a9ffc650c?q=80&w=1815&auto=format&fit=crop&ixlib=rb-4.0.3&ixid=M3wxMjA3fDB8MHxwaG90by1wYWdlfHx8fGVufDB8fHx8fA%3D%3D 1815w, https://images.unsplash.com/photo-1627706073603-844a9ffc650c?q=80&w=1830&auto=format&fit=crop&ixlib=rb-4.0.3&ixid=M3wxMjA3fDB8MHxwaG90by1wYWdlfHx8fGVufDB8fHx8fA%3D%3D 1830w, https://images.unsplash.com/photo-1627706073603-844a9ffc650c?q=80&w=2115&auto=format&fit=crop&ixlib=rb-4.0.3&ixid=M3wxMjA3fDB8MHxwaG90by1wYWdlfHx8fGVufDB8fHx8fA%3D%3D 2115w, https://images.unsplash.com/photo-1627706073603-844a9ffc650c?q=80&w=2415&auto=format&fit=crop&ixlib=rb-4.0.3&ixid=M3wxMjA3fDB8MHxwaG90by1wYWdlfHx8fGVufDB8fHx8fA%3D%3D 2415w, https://images.unsplash.com/photo-1627706073603-844a9ffc650c?q=80&w=2430&auto=format&fit=crop&ixlib=rb-4.0.3&ixid=M3wxMjA3fDB8MHxwaG90by1wYWdlfHx8fGVufDB8fHx8fA%3D%3D 2430w, https://images.unsplash.com/photo-1627706073603-844a9ffc650c?q=80&w=2715&auto=format&fit=crop&ixlib=rb-4.0.3&ixid=M3wxMjA3fDB8MHxwaG90by1wYWdlfHx8fGVufDB8fHx8fA%3D%3D 2715w, https://images.unsplash.com/photo-1627706073603-844a9ffc650c?q=80&w=3015&auto=format&fit=crop&ixlib=rb-4.0.3&ixid=M3wxMjA3fDB8MHxwaG90by1wYWdlfHx8fGVufDB8fHx8fA%3D%3D 3015w, https://images.unsplash.com/photo-1627706073603-844a9ffc650c?q=80&w=3030&auto=format&fit=crop&ixlib=rb-4.0.3&ixid=M3wxMjA3fDB8MHxwaG90by1wYWdlfHx8fGVufDB8fHx8fA%3D%3D 3030w, https://images.unsplash.com/photo-1627706073603-844a9ffc650c?q=80&w=3203&auto=format&fit=crop&ixlib=rb-4.0.3&ixid=M3wxMjA3fDB8MHxwaG90by1wYWdlfHx8fGVufDB8fHx8fA%3D%3D 3203w']"
['brown boat on sea during sunset'],['koh Samui Thailand'],['2020-08-03T14:07:28.000Z'],['https://unsplash.com/photos/brown-boat-on-sea-during-sunset-0emT1HkUz_U'],"['https://images.unsplash.com/photo-1596463621264-26fa44b7a2bf?q=80&w=1032&auto=format&fit=crop&ixlib=rb-4.0.3&ixid=M3wxMjA3fDB8MHxwaG90by1wYWdlfHx8fGVufDB8fHx8fA%3D%3D 1032w, https://images.unsplash.com/photo-1596463621264-26fa44b7a2bf?q=80&w=1332&auto=format&fit=crop&ixlib=rb-4.0.3&ixid=M3wxMjA3fDB8MHxwaG90by1wYWdlfHx8fGVufDB8fHx8fA%3D%3D 1332w, https://images.unsplash.com/photo-1596463621264-26fa44b7a2bf?q=80&w=1632&auto=format&fit=crop&ixlib=rb-4.0.3&ixid=M3wxMjA3fDB8MHxwaG90by1wYWdlfHx8fGVufDB8fHx8fA%3D%3D 1632w, https://images.unsplash.com/photo-1596463621264-26fa44b7a2bf?q=80&w=1932&auto=format&fit=crop&ixlib=rb-4.0.3&ixid=M3wxMjA3fDB8MHxwaG90by1wYWdlfHx8fGVufDB8fHx8fA%3D%3D 1932w, https://images.unsplash.com/photo-1596463621264-26fa44b7a2bf?q=80&w=2064&auto=format&fit=crop&ixlib=rb-4.0.3&ixid=M3wxMjA3fDB8MHxwaG90by1wYWdlfHx8fGVufDB8fHx8fA%3D%3D 2064w, https://images.unsplash.com/photo-1596463621264-26fa44b7a2bf?q=80&w=2232&auto=format&fit=crop&ixlib=rb-4.0.3&ixid=M3wxMjA3fDB8MHxwaG90by1wYWdlfHx8fGVufDB8fHx8fA%3D%3D 2232w, https://images.unsplash.com/photo-1596463621264-26fa44b7a2bf?q=80&w=2532&auto=format&fit=crop&ixlib=rb-4.0.3&ixid=M3wxMjA3fDB8MHxwaG90by1wYWdlfHx8fGVufDB8fHx8fA%3D%3D 2532w, https://images.unsplash.com/photo-1596463621264-26fa44b7a2bf?q=80&w=2664&auto=format&fit=crop&ixlib=rb-4.0.3&ixid=M3wxMjA3fDB8MHxwaG90by1wYWdlfHx8fGVufDB8fHx8fA%3D%3D 2664w, https://images.unsplash.com/photo-1596463621264-26fa44b7a2bf?q=80&w=2832&auto=format&fit=crop&ixlib=rb-4.0.3&ixid=M3wxMjA3fDB8MHxwaG90by1wYWdlfHx8fGVufDB8fHx8fA%3D%3D 2832w, https://images.unsplash.com/photo-1596463621264-26fa44b7a2bf?q=80&w=3132&auto=format&fit=crop&ixlib=rb-4.0.3&ixid=M3wxMjA3fDB8MHxwaG90by1wYWdlfHx8fGVufDB8fHx8fA%3D%3D 3132w, https://images.unsplash.com/photo-1596463621264-26fa44b7a2bf?q=80&w=3264&auto=format&fit=crop&ixlib=rb-4.0.3&ixid=M3wxMjA3fDB8MHxwaG90by1wYWdlfHx8fGVufDB8fHx8fA%3D%3D 3264w, https://images.unsplash.com/photo-1596463621264-26fa44b7a2bf?q=80&w=3432&auto=format&fit=crop&ixlib=rb-4.0.3&ixid=M3wxMjA3fDB8MHxwaG90by1wYWdlfHx8fGVufDB8fHx8fA%3D%3D 3432w, https://images.unsplash.com/photo-1596463621264-26fa44b7a2bf?q=80&w=3732&auto=format&fit=crop&ixlib=rb-4.0.3&ixid=M3wxMjA3fDB8MHxwaG90by1wYWdlfHx8fGVufDB8fHx8fA%3D%3D 3732w, https://images.unsplash.com/photo-1596463621264-26fa44b7a2bf?q=80&w=3864&auto=format&fit=crop&ixlib=rb-4.0.3&ixid=M3wxMjA3fDB8MHxwaG90by1wYWdlfHx8fGVufDB8fHx8fA%3D%3D 3864w, https://images.unsplash.com/photo-1596463621264-26fa44b7a2bf?q=80&w=4032&auto=format&fit=crop&ixlib=rb-4.0.3&ixid=M3wxMjA3fDB8MHxwaG90by1wYWdlfHx8fGVufDB8fHx8fA%3D%3D 4032w']"
['close up photo of body of water with bubbles'],['Anapa'],['2018-02-05T18:58:40.000Z'],['https://unsplash.com/photos/close-up-photo-of-body-of-water-with-bubbles-YTkqrFTBqEM'],"['https://images.unsplash.com/photo-1517857047616-db2b017371e0?q=80&w=435&auto=format&fit=crop&ixlib=rb-4.0.3&ixid=M3wxMjA3fDB8MHxwaG90by1wYWdlfHx8fGVufDB8fHx8fA%3D%3D 435w, https://images.unsplash.com/photo-1517857047616-db2b017371e0?q=80&w=735&auto=format&fit=crop&ixlib=rb-4.0.3&ixid=M3wxMjA3fDB8MHxwaG90by1wYWdlfHx8fGVufDB8fHx8fA%3D%3D 735w, https://images.unsplash.com/photo-1517857047616-db2b017371e0?q=80&w=870&auto=format&fit=crop&ixlib=rb-4.0.3&ixid=M3wxMjA3fDB8MHxwaG90by1wYWdlfHx8fGVufDB8fHx8fA%3D%3D 870w, https://images.unsplash.com/photo-1517857047616-db2b017371e0?q=80&w=1035&auto=format&fit=crop&ixlib=rb-4.0.3&ixid=M3wxMjA3fDB8MHxwaG90by1wYWdlfHx8fGVufDB8fHx8fA%3D%3D 1035w, https://images.unsplash.com/photo-1517857047616-db2b017371e0?q=80&w=1335&auto=format&fit=crop&ixlib=rb-4.0.3&ixid=M3wxMjA3fDB8MHxwaG90by1wYWdlfHx8fGVufDB8fHx8fA%3D%3D 1335w, https://images.unsplash.com/photo-1517857047616-db2b017371e0?q=80&w=1470&auto=format&fit=crop&ixlib=rb-4.0.3&ixid=M3wxMjA3fDB8MHxwaG90by1wYWdlfHx8fGVufDB8fHx8fA%3D%3D 1470w, https://images.unsplash.com/photo-1517857047616-db2b017371e0?q=80&w=1536&auto=format&fit=crop&ixlib=rb-4.0.3&ixid=M3wxMjA3fDB8MHxwaG90by1wYWdlfHx8fGVufDB8fHx8fA%3D%3D 1536w']"
['blue and yellow bird on brown wooden stick'],['Credit is much appreciated! üôãüèª\u200d‚ôÇÔ∏è instagram.com/albovsky/'],['2021-03-07T12:01:26.000Z'],['https://unsplash.com/photos/blue-and-yellow-bird-on-brown-wooden-stick-IVoThWTStPc'],"['https://images.unsplash.com/photo-1615118428306-015e7c02e6c3?q=80&w=465&auto=format&fit=crop&ixlib=rb-4.0.3&ixid=M3wxMjA3fDB8MHxwaG90by1wYWdlfHx8fGVufDB8fHx8fA%3D%3D 465w, https://images.unsplash.com/photo-1615118428306-015e7c02e6c3?q=80&w=765&auto=format&fit=crop&ixlib=rb-4.0.3&ixid=M3wxMjA3fDB8MHxwaG90by1wYWdlfHx8fGVufDB8fHx8fA%3D%3D 765w, https://images.unsplash.com/photo-1615118428306-015e7c02e6c3?q=80&w=930&auto=format&fit=crop&ixlib=rb-4.0.3&ixid=M3wxMjA3fDB8MHxwaG90by1wYWdlfHx8fGVufDB8fHx8fA%3D%3D 930w, https://images.unsplash.com/photo-1615118428306-015e7c02e6c3?q=80&w=1065&auto=format&fit=crop&ixlib=rb-4.0.3&ixid=M3wxMjA3fDB8MHxwaG90by1wYWdlfHx8fGVufDB8fHx8fA%3D%3D 1065w, https://images.unsplash.com/photo-1615118428306-015e7c02e6c3?q=80&w=1365&auto=format&fit=crop&ixlib=rb-4.0.3&ixid=M3wxMjA3fDB8MHxwaG90by1wYWdlfHx8fGVufDB8fHx8fA%3D%3D 1365w, https://images.unsplash.com/photo-1615118428306-015e7c02e6c3?q=80&w=1530&auto=format&fit=crop&ixlib=rb-4.0.3&ixid=M3wxMjA3fDB8MHxwaG90by1wYWdlfHx8fGVufDB8fHx8fA%3D%3D 1530w, https://images.unsplash.com/photo-1615118428306-015e7c02e6c3?q=80&w=1665&auto=format&fit=crop&ixlib=rb-4.0.3&ixid=M3wxMjA3fDB8MHxwaG90by1wYWdlfHx8fGVufDB8fHx8fA%3D%3D 1665w, https://images.unsplash.com/photo-1615118428306-015e7c02e6c3?q=80&w=1965&auto=format&fit=crop&ixlib=rb-4.0.3&ixid=M3wxMjA3fDB8MHxwaG90by1wYWdlfHx8fGVufDB8fHx8fA%3D%3D 1965w, https://images.unsplash.com/photo-1615118428306-015e7c02e6c3?q=80&w=2130&auto=format&fit=crop&ixlib=rb-4.0.3&ixid=M3wxMjA3fDB8MHxwaG90by1wYWdlfHx8fGVufDB8fHx8fA%3D%3D 2130w, https://images.unsplash.com/photo-1615118428306-015e7c02e6c3?q=80&w=2265&auto=format&fit=crop&ixlib=rb-4.0.3&ixid=M3wxMjA3fDB8MHxwaG90by1wYWdlfHx8fGVufDB8fHx8fA%3D%3D 2265w, https://images.unsplash.com/photo-1615118428306-015e7c02e6c3?q=80&w=2418&auto=format&fit=crop&ixlib=rb-4.0.3&ixid=M3wxMjA3fDB8MHxwaG90by1wYWdlfHx8fGVufDB8fHx8fA%3D%3D 2418w']"
['man in black shirt standing on rock formation near body of water during daytime'],['–õ–µ—Ç–Ω–µ–µ –ø—É—Ç–µ—à–µ—Å—Ç–≤–∏–µ/Summer trip'],['2020-05-11T12:19:59.000Z'],['https://unsplash.com/photos/man-in-black-shirt-standing-on-rock-formation-near-body-of-water-during-daytime-gRQcGV01Rn0'],"['https://images.unsplash.com/photo-1589199367293-36246b2f6b09?q=80&w=870&auto=format&fit=crop&ixlib=rb-4.0.3&ixid=M3wxMjA3fDB8MHxwaG90by1wYWdlfHx8fGVufDB8fHx8fA%3D%3D 870w, https://images.unsplash.com/photo-1589199367293-36246b2f6b09?q=80&w=1170&auto=format&fit=crop&ixlib=rb-4.0.3&ixid=M3wxMjA3fDB8MHxwaG90by1wYWdlfHx8fGVufDB8fHx8fA%3D%3D 1170w, https://images.unsplash.com/photo-1589199367293-36246b2f6b09?q=80&w=1470&auto=format&fit=crop&ixlib=rb-4.0.3&ixid=M3wxMjA3fDB8MHxwaG90by1wYWdlfHx8fGVufDB8fHx8fA%3D%3D 1470w, https://images.unsplash.com/photo-1589199367293-36246b2f6b09?q=80&w=1740&auto=format&fit=crop&ixlib=rb-4.0.3&ixid=M3wxMjA3fDB8MHxwaG90by1wYWdlfHx8fGVufDB8fHx8fA%3D%3D 1740w, https://images.unsplash.com/photo-1589199367293-36246b2f6b09?q=80&w=1770&auto=format&fit=crop&ixlib=rb-4.0.3&ixid=M3wxMjA3fDB8MHxwaG90by1wYWdlfHx8fGVufDB8fHx8fA%3D%3D 1770w, https://images.unsplash.com/photo-1589199367293-36246b2f6b09?q=80&w=2070&auto=format&fit=crop&ixlib=rb-4.0.3&ixid=M3wxMjA3fDB8MHxwaG90by1wYWdlfHx8fGVufDB8fHx8fA%3D%3D 2070w, https://images.unsplash.com/photo-1589199367293-36246b2f6b09?q=80&w=2340&auto=format&fit=crop&ixlib=rb-4.0.3&ixid=M3wxMjA3fDB8MHxwaG90by1wYWdlfHx8fGVufDB8fHx8fA%3D%3D 2340w, https://images.unsplash.com/photo-1589199367293-36246b2f6b09?q=80&w=2370&auto=format&fit=crop&ixlib=rb-4.0.3&ixid=M3wxMjA3fDB8MHxwaG90by1wYWdlfHx8fGVufDB8fHx8fA%3D%3D 2370w, https://images.unsplash.com/photo-1589199367293-36246b2f6b09?q=80&w=2670&auto=format&fit=crop&ixlib=rb-4.0.3&ixid=M3wxMjA3fDB8MHxwaG90by1wYWdlfHx8fGVufDB8fHx8fA%3D%3D 2670w, https://images.unsplash.com/photo-1589199367293-36246b2f6b09?q=80&w=2940&auto=format&fit=crop&ixlib=rb-4.0.3&ixid=M3wxMjA3fDB8MHxwaG90by1wYWdlfHx8fGVufDB8fHx8fA%3D%3D 2940w, https://images.unsplash.com/photo-1589199367293-36246b2f6b09?q=80&w=2970&auto=format&fit=crop&ixlib=rb-4.0.3&ixid=M3wxMjA3fDB8MHxwaG90by1wYWdlfHx8fGVufDB8fHx8fA%3D%3D 2970w, https://images.unsplash.com/photo-1589199367293-36246b2f6b09?q=80&w=3270&auto=format&fit=crop&ixlib=rb-4.0.3&ixid=M3wxMjA3fDB8MHxwaG90by1wYWdlfHx8fGVufDB8fHx8fA%3D%3D 3270w, https://images.unsplash.com/photo-1589199367293-36246b2f6b09?q=80&w=3540&auto=format&fit=crop&ixlib=rb-4.0.3&ixid=M3wxMjA3fDB8MHxwaG90by1wYWdlfHx8fGVufDB8fHx8fA%3D%3D 3540w, https://images.unsplash.com/photo-1589199367293-36246b2f6b09?q=80&w=3570&auto=format&fit=crop&ixlib=rb-4.0.3&ixid=M3wxMjA3fDB8MHxwaG90by1wYWdlfHx8fGVufDB8fHx8fA%3D%3D 3570w, https://images.unsplash.com/photo-1589199367293-36246b2f6b09?q=80&w=3870&auto=format&fit=crop&ixlib=rb-4.0.3&ixid=M3wxMjA3fDB8MHxwaG90by1wYWdlfHx8fGVufDB8fHx8fA%3D%3D 3870w, https://images.unsplash.com/photo-1589199367293-36246b2f6b09?q=80&w=4140&auto=format&fit=crop&ixlib=rb-4.0.3&ixid=M3wxMjA3fDB8MHxwaG90by1wYWdlfHx8fGVufDB8fHx8fA%3D%3D 4140w, https://images.unsplash.com/photo-1589199367293-36246b2f6b09?q=80&w=4170&auto=format&fit=crop&ixlib=rb-4.0.3&ixid=M3wxMjA3fDB8MHxwaG90by1wYWdlfHx8fGVufDB8fHx8fA%3D%3D 4170w, https://images.unsplash.com/photo-1589199367293-36246b2f6b09?q=80&w=4470&auto=format&fit=crop&ixlib=rb-4.0.3&ixid=M3wxMjA3fDB8MHxwaG90by1wYWdlfHx8fGVufDB8fHx8fA%3D%3D 4470w, https://images.unsplash.com/photo-1589199367293-36246b2f6b09?q=80&w=4740&auto=format&fit=crop&ixlib=rb-4.0.3&ixid=M3wxMjA3fDB8MHxwaG90by1wYWdlfHx8fGVufDB8fHx8fA%3D%3D 4740w, https://images.unsplash.com/photo-1589199367293-36246b2f6b09?q=80&w=4770&auto=format&fit=crop&ixlib=rb-4.0.3&ixid=M3wxMjA3fDB8MHxwaG90by1wYWdlfHx8fGVufDB8fHx8fA%3D%3D 4770w, https://images.unsplash.com/photo-1589199367293-36246b2f6b09?q=80&w=5070&auto=format&fit=crop&ixlib=rb-4.0.3&ixid=M3wxMjA3fDB8MHxwaG90by1wYWdlfHx8fGVufDB8fHx8fA%3D%3D 5070w, https://images.unsplash.com/photo-1589199367293-36246b2f6b09?q=80&w=5340&auto=format&fit=crop&ixlib=rb-4.0.3&ixid=M3wxMjA3fDB8MHxwaG90by1wYWdlfHx8fGVufDB8fHx8fA%3D%3D 5340w, https://images.unsplash.com/photo-1589199367293-36246b2f6b09?q=80&w=5370&auto=format&fit=crop&ixlib=rb-4.0.3&ixid=M3wxMjA3fDB8MHxwaG90by1wYWdlfHx8fGVufDB8fHx8fA%3D%3D 5370w, https://images.unsplash.com/photo-1589199367293-36246b2f6b09?q=80&w=5670&auto=format&fit=crop&ixlib=rb-4.0.3&ixid=M3wxMjA3fDB8MHxwaG90by1wYWdlfHx8fGVufDB8fHx8fA%3D%3D 5670w, https://images.unsplash.com/photo-1589199367293-36246b2f6b09?q=80&w=5718&auto=format&fit=crop&ixlib=rb-4.0.3&ixid=M3wxMjA3fDB8MHxwaG90by1wYWdlfHx8fGVufDB8fHx8fA%3D%3D 5718w']"
['a body of water with waves coming in to shore'],['The shoreline in Dubai.'],['2023-02-06T11:49:16.000Z'],['https://unsplash.com/photos/a-body-of-water-with-waves-coming-in-to-shore-r-KREl79uqg'],"['https://plus.unsplash.com/premium_photo-1675369532493-3c8e923333b8?q=80&w=870&auto=format&fit=crop&ixlib=rb-4.0.3&ixid=M3wxMjA3fDB8MHxwaG90by1wYWdlfHx8fGVufDB8fHx8fA%3D%3D 870w, https://plus.unsplash.com/premium_photo-1675369532493-3c8e923333b8?q=80&w=1170&auto=format&fit=crop&ixlib=rb-4.0.3&ixid=M3wxMjA3fDB8MHxwaG90by1wYWdlfHx8fGVufDB8fHx8fA%3D%3D 1170w, https://plus.unsplash.com/premium_photo-1675369532493-3c8e923333b8?q=80&w=1470&auto=format&fit=crop&ixlib=rb-4.0.3&ixid=M3wxMjA3fDB8MHxwaG90by1wYWdlfHx8fGVufDB8fHx8fA%3D%3D 1470w, https://plus.unsplash.com/premium_photo-1675369532493-3c8e923333b8?q=80&w=1740&auto=format&fit=crop&ixlib=rb-4.0.3&ixid=M3wxMjA3fDB8MHxwaG90by1wYWdlfHx8fGVufDB8fHx8fA%3D%3D 1740w, https://plus.unsplash.com/premium_photo-1675369532493-3c8e923333b8?q=80&w=1770&auto=format&fit=crop&ixlib=rb-4.0.3&ixid=M3wxMjA3fDB8MHxwaG90by1wYWdlfHx8fGVufDB8fHx8fA%3D%3D 1770w, https://plus.unsplash.com/premium_photo-1675369532493-3c8e923333b8?q=80&w=2070&auto=format&fit=crop&ixlib=rb-4.0.3&ixid=M3wxMjA3fDB8MHxwaG90by1wYWdlfHx8fGVufDB8fHx8fA%3D%3D 2070w, https://plus.unsplash.com/premium_photo-1675369532493-3c8e923333b8?q=80&w=2340&auto=format&fit=crop&ixlib=rb-4.0.3&ixid=M3wxMjA3fDB8MHxwaG90by1wYWdlfHx8fGVufDB8fHx8fA%3D%3D 2340w, https://plus.unsplash.com/premium_photo-1675369532493-3c8e923333b8?q=80&w=2370&auto=format&fit=crop&ixlib=rb-4.0.3&ixid=M3wxMjA3fDB8MHxwaG90by1wYWdlfHx8fGVufDB8fHx8fA%3D%3D 2370w, https://plus.unsplash.com/premium_photo-1675369532493-3c8e923333b8?q=80&w=2670&auto=format&fit=crop&ixlib=rb-4.0.3&ixid=M3wxMjA3fDB8MHxwaG90by1wYWdlfHx8fGVufDB8fHx8fA%3D%3D 2670w, https://plus.unsplash.com/premium_photo-1675369532493-3c8e923333b8?q=80&w=2940&auto=format&fit=crop&ixlib=rb-4.0.3&ixid=M3wxMjA3fDB8MHxwaG90by1wYWdlfHx8fGVufDB8fHx8fA%3D%3D 2940w, https://plus.unsplash.com/premium_photo-1675369532493-3c8e923333b8?q=80&w=2970&auto=format&fit=crop&ixlib=rb-4.0.3&ixid=M3wxMjA3fDB8MHxwaG90by1wYWdlfHx8fGVufDB8fHx8fA%3D%3D 2970w, https://plus.unsplash.com/premium_photo-1675369532493-3c8e923333b8?q=80&w=3270&auto=format&fit=crop&ixlib=rb-4.0.3&ixid=M3wxMjA3fDB8MHxwaG90by1wYWdlfHx8fGVufDB8fHx8fA%3D%3D 3270w, https://plus.unsplash.com/premium_photo-1675369532493-3c8e923333b8?q=80&w=3540&auto=format&fit=crop&ixlib=rb-4.0.3&ixid=M3wxMjA3fDB8MHxwaG90by1wYWdlfHx8fGVufDB8fHx8fA%3D%3D 3540w, https://plus.unsplash.com/premium_photo-1675369532493-3c8e923333b8?q=80&w=3570&auto=format&fit=crop&ixlib=rb-4.0.3&ixid=M3wxMjA3fDB8MHxwaG90by1wYWdlfHx8fGVufDB8fHx8fA%3D%3D 3570w, https://plus.unsplash.com/premium_photo-1675369532493-3c8e923333b8?q=80&w=3870&auto=format&fit=crop&ixlib=rb-4.0.3&ixid=M3wxMjA3fDB8MHxwaG90by1wYWdlfHx8fGVufDB8fHx8fA%3D%3D 3870w, https://plus.unsplash.com/premium_photo-1675369532493-3c8e923333b8?q=80&w=4140&auto=format&fit=crop&ixlib=rb-4.0.3&ixid=M3wxMjA3fDB8MHxwaG90by1wYWdlfHx8fGVufDB8fHx8fA%3D%3D 4140w, https://plus.unsplash.com/premium_photo-1675369532493-3c8e923333b8?q=80&w=4170&auto=format&fit=crop&ixlib=rb-4.0.3&ixid=M3wxMjA3fDB8MHxwaG90by1wYWdlfHx8fGVufDB8fHx8fA%3D%3D 4170w, https://plus.unsplash.com/premium_photo-1675369532493-3c8e923333b8?q=80&w=4470&auto=format&fit=crop&ixlib=rb-4.0.3&ixid=M3wxMjA3fDB8MHxwaG90by1wYWdlfHx8fGVufDB8fHx8fA%3D%3D 4470w, https://plus.unsplash.com/premium_photo-1675369532493-3c8e923333b8?q=80&w=4740&auto=format&fit=crop&ixlib=rb-4.0.3&ixid=M3wxMjA3fDB8MHxwaG90by1wYWdlfHx8fGVufDB8fHx8fA%3D%3D 4740w, https://plus.unsplash.com/premium_photo-1675369532493-3c8e923333b8?q=80&w=4770&auto=format&fit=crop&ixlib=rb-4.0.3&ixid=M3wxMjA3fDB8MHxwaG90by1wYWdlfHx8fGVufDB8fHx8fA%3D%3D 4770w, https://plus.unsplash.com/premium_photo-1675369532493-3c8e923333b8?q=80&w=5070&auto=format&fit=crop&ixlib=rb-4.0.3&ixid=M3wxMjA3fDB8MHxwaG90by1wYWdlfHx8fGVufDB8fHx8fA%3D%3D 5070w, https://plus.unsplash.com/premium_photo-1675369532493-3c8e923333b8?q=80&w=5340&auto=format&fit=crop&ixlib=rb-4.0.3&ixid=M3wxMjA3fDB8MHxwaG90by1wYWdlfHx8fGVufDB8fHx8fA%3D%3D 5340w, https://plus.unsplash.com/premium_photo-1675369532493-3c8e923333b8?q=80&w=5370&auto=format&fit=crop&ixlib=rb-4.0.3&ixid=M3wxMjA3fDB8MHxwaG90by1wYWdlfHx8fGVufDB8fHx8fA%3D%3D 5370w, https://plus.unsplash.com/premium_photo-1675369532493-3c8e923333b8?q=80&w=5670&auto=format&fit=crop&ixlib=rb-4.0.3&ixid=M3wxMjA3fDB8MHxwaG90by1wYWdlfHx8fGVufDB8fHx8fA%3D%3D 5670w, https://plus.unsplash.com/premium_photo-1675369532493-3c8e923333b8?q=80&w=5940&auto=format&fit=crop&ixlib=rb-4.0.3&ixid=M3wxMjA3fDB8MHxwaG90by1wYWdlfHx8fGVufDB8fHx8fA%3D%3D 5940w, https://plus.unsplash.com/premium_photo-1675369532493-3c8e923333b8?q=80&w=5970&auto=format&fit=crop&ixlib=rb-4.0.3&ixid=M3wxMjA3fDB8MHxwaG90by1wYWdlfHx8fGVufDB8fHx8fA%3D%3D 5970w, https://plus.unsplash.com/premium_photo-1675369532493-3c8e923333b8?q=80&w=6270&auto=format&fit=crop&ixlib=rb-4.0.3&ixid=M3wxMjA3fDB8MHxwaG90by1wYWdlfHx8fGVufDB8fHx8fA%3D%3D 6270w, https://plus.unsplash.com/premium_photo-1675369532493-3c8e923333b8?q=80&w=6540&auto=format&fit=crop&ixlib=rb-4.0.3&ixid=M3wxMjA3fDB8MHxwaG90by1wYWdlfHx8fGVufDB8fHx8fA%3D%3D 6540w, https://plus.unsplash.com/premium_photo-1675369532493-3c8e923333b8?q=80&w=6570&auto=format&fit=crop&ixlib=rb-4.0.3&ixid=M3wxMjA3fDB8MHxwaG90by1wYWdlfHx8fGVufDB8fHx8fA%3D%3D 6570w, https://plus.unsplash.com/premium_photo-1675369532493-3c8e923333b8?q=80&w=6870&auto=format&fit=crop&ixlib=rb-4.0.3&ixid=M3wxMjA3fDB8MHxwaG90by1wYWdlfHx8fGVufDB8fHx8fA%3D%3D 6870w, https://plus.unsplash.com/premium_photo-1675369532493-3c8e923333b8?q=80&w=7140&auto=format&fit=crop&ixlib=rb-4.0.3&ixid=M3wxMjA3fDB8MHxwaG90by1wYWdlfHx8fGVufDB8fHx8fA%3D%3D 7140w, https://plus.unsplash.com/premium_photo-1675369532493-3c8e923333b8?q=80&w=7170&auto=format&fit=crop&ixlib=rb-4.0.3&ixid=M3wxMjA3fDB8MHxwaG90by1wYWdlfHx8fGVufDB8fHx8fA%3D%3D 7170w, https://plus.unsplash.com/premium_photo-1675369532493-3c8e923333b8?q=80&w=7470&auto=format&fit=crop&ixlib=rb-4.0.3&ixid=M3wxMjA3fDB8MHxwaG90by1wYWdlfHx8fGVufDB8fHx8fA%3D%3D 7470w, https://plus.unsplash.com/premium_photo-1675369532493-3c8e923333b8?q=80&w=7728&auto=format&fit=crop&ixlib=rb-4.0.3&ixid=M3wxMjA3fDB8MHxwaG90by1wYWdlfHx8fGVufDB8fHx8fA%3D%3D 7728w']"
['a body of water that has some waves in it'],"['Download this HD photo of sky sea, sea sky, water, and ocean by Polina Kuzovkova (@p_kuzovkova)']",['2022-10-05T15:49:23.000Z'],['https://unsplash.com/photos/a-body-of-water-that-has-some-waves-in-it-3dwmhSMf0TQ'],"['https://plus.unsplash.com/premium_photo-1664116707815-f2a04dd56770?q=80&w=870&auto=format&fit=crop&ixlib=rb-4.0.3&ixid=M3wxMjA3fDB8MHxwaG90by1wYWdlfHx8fGVufDB8fHx8fA%3D%3D 870w, https://plus.unsplash.com/premium_photo-1664116707815-f2a04dd56770?q=80&w=1170&auto=format&fit=crop&ixlib=rb-4.0.3&ixid=M3wxMjA3fDB8MHxwaG90by1wYWdlfHx8fGVufDB8fHx8fA%3D%3D 1170w, https://plus.unsplash.com/premium_photo-1664116707815-f2a04dd56770?q=80&w=1470&auto=format&fit=crop&ixlib=rb-4.0.3&ixid=M3wxMjA3fDB8MHxwaG90by1wYWdlfHx8fGVufDB8fHx8fA%3D%3D 1470w, https://plus.unsplash.com/premium_photo-1664116707815-f2a04dd56770?q=80&w=1740&auto=format&fit=crop&ixlib=rb-4.0.3&ixid=M3wxMjA3fDB8MHxwaG90by1wYWdlfHx8fGVufDB8fHx8fA%3D%3D 1740w, https://plus.unsplash.com/premium_photo-1664116707815-f2a04dd56770?q=80&w=1770&auto=format&fit=crop&ixlib=rb-4.0.3&ixid=M3wxMjA3fDB8MHxwaG90by1wYWdlfHx8fGVufDB8fHx8fA%3D%3D 1770w, https://plus.unsplash.com/premium_photo-1664116707815-f2a04dd56770?q=80&w=2070&auto=format&fit=crop&ixlib=rb-4.0.3&ixid=M3wxMjA3fDB8MHxwaG90by1wYWdlfHx8fGVufDB8fHx8fA%3D%3D 2070w, https://plus.unsplash.com/premium_photo-1664116707815-f2a04dd56770?q=80&w=2340&auto=format&fit=crop&ixlib=rb-4.0.3&ixid=M3wxMjA3fDB8MHxwaG90by1wYWdlfHx8fGVufDB8fHx8fA%3D%3D 2340w, https://plus.unsplash.com/premium_photo-1664116707815-f2a04dd56770?q=80&w=2370&auto=format&fit=crop&ixlib=rb-4.0.3&ixid=M3wxMjA3fDB8MHxwaG90by1wYWdlfHx8fGVufDB8fHx8fA%3D%3D 2370w, https://plus.unsplash.com/premium_photo-1664116707815-f2a04dd56770?q=80&w=2670&auto=format&fit=crop&ixlib=rb-4.0.3&ixid=M3wxMjA3fDB8MHxwaG90by1wYWdlfHx8fGVufDB8fHx8fA%3D%3D 2670w, https://plus.unsplash.com/premium_photo-1664116707815-f2a04dd56770?q=80&w=2940&auto=format&fit=crop&ixlib=rb-4.0.3&ixid=M3wxMjA3fDB8MHxwaG90by1wYWdlfHx8fGVufDB8fHx8fA%3D%3D 2940w, https://plus.unsplash.com/premium_photo-1664116707815-f2a04dd56770?q=80&w=2970&auto=format&fit=crop&ixlib=rb-4.0.3&ixid=M3wxMjA3fDB8MHxwaG90by1wYWdlfHx8fGVufDB8fHx8fA%3D%3D 2970w, https://plus.unsplash.com/premium_photo-1664116707815-f2a04dd56770?q=80&w=3270&auto=format&fit=crop&ixlib=rb-4.0.3&ixid=M3wxMjA3fDB8MHxwaG90by1wYWdlfHx8fGVufDB8fHx8fA%3D%3D 3270w, https://plus.unsplash.com/premium_photo-1664116707815-f2a04dd56770?q=80&w=3540&auto=format&fit=crop&ixlib=rb-4.0.3&ixid=M3wxMjA3fDB8MHxwaG90by1wYWdlfHx8fGVufDB8fHx8fA%3D%3D 3540w, https://plus.unsplash.com/premium_photo-1664116707815-f2a04dd56770?q=80&w=3570&auto=format&fit=crop&ixlib=rb-4.0.3&ixid=M3wxMjA3fDB8MHxwaG90by1wYWdlfHx8fGVufDB8fHx8fA%3D%3D 3570w, https://plus.unsplash.com/premium_photo-1664116707815-f2a04dd56770?q=80&w=3870&auto=format&fit=crop&ixlib=rb-4.0.3&ixid=M3wxMjA3fDB8MHxwaG90by1wYWdlfHx8fGVufDB8fHx8fA%3D%3D 3870w, https://plus.unsplash.com/premium_photo-1664116707815-f2a04dd56770?q=80&w=4140&auto=format&fit=crop&ixlib=rb-4.0.3&ixid=M3wxMjA3fDB8MHxwaG90by1wYWdlfHx8fGVufDB8fHx8fA%3D%3D 4140w, https://plus.unsplash.com/premium_photo-1664116707815-f2a04dd56770?q=80&w=4170&auto=format&fit=crop&ixlib=rb-4.0.3&ixid=M3wxMjA3fDB8MHxwaG90by1wYWdlfHx8fGVufDB8fHx8fA%3D%3D 4170w, https://plus.unsplash.com/premium_photo-1664116707815-f2a04dd56770?q=80&w=4470&auto=format&fit=crop&ixlib=rb-4.0.3&ixid=M3wxMjA3fDB8MHxwaG90by1wYWdlfHx8fGVufDB8fHx8fA%3D%3D 4470w, https://plus.unsplash.com/premium_photo-1664116707815-f2a04dd56770?q=80&w=4740&auto=format&fit=crop&ixlib=rb-4.0.3&ixid=M3wxMjA3fDB8MHxwaG90by1wYWdlfHx8fGVufDB8fHx8fA%3D%3D 4740w, https://plus.unsplash.com/premium_photo-1664116707815-f2a04dd56770?q=80&w=4770&auto=format&fit=crop&ixlib=rb-4.0.3&ixid=M3wxMjA3fDB8MHxwaG90by1wYWdlfHx8fGVufDB8fHx8fA%3D%3D 4770w, https://plus.unsplash.com/premium_photo-1664116707815-f2a04dd56770?q=80&w=5070&auto=format&fit=crop&ixlib=rb-4.0.3&ixid=M3wxMjA3fDB8MHxwaG90by1wYWdlfHx8fGVufDB8fHx8fA%3D%3D 5070w, https://plus.unsplash.com/premium_photo-1664116707815-f2a04dd56770?q=80&w=5340&auto=format&fit=crop&ixlib=rb-4.0.3&ixid=M3wxMjA3fDB8MHxwaG90by1wYWdlfHx8fGVufDB8fHx8fA%3D%3D 5340w, https://plus.unsplash.com/premium_photo-1664116707815-f2a04dd56770?q=80&w=5370&auto=format&fit=crop&ixlib=rb-4.0.3&ixid=M3wxMjA3fDB8MHxwaG90by1wYWdlfHx8fGVufDB8fHx8fA%3D%3D 5370w, https://plus.unsplash.com/premium_photo-1664116707815-f2a04dd56770?q=80&w=5670&auto=format&fit=crop&ixlib=rb-4.0.3&ixid=M3wxMjA3fDB8MHxwaG90by1wYWdlfHx8fGVufDB8fHx8fA%3D%3D 5670w, https://plus.unsplash.com/premium_photo-1664116707815-f2a04dd56770?q=80&w=5940&auto=format&fit=crop&ixlib=rb-4.0.3&ixid=M3wxMjA3fDB8MHxwaG90by1wYWdlfHx8fGVufDB8fHx8fA%3D%3D 5940w, https://plus.unsplash.com/premium_photo-1664116707815-f2a04dd56770?q=80&w=5970&auto=format&fit=crop&ixlib=rb-4.0.3&ixid=M3wxMjA3fDB8MHxwaG90by1wYWdlfHx8fGVufDB8fHx8fA%3D%3D 5970w, https://plus.unsplash.com/premium_photo-1664116707815-f2a04dd56770?q=80&w=6000&auto=format&fit=crop&ixlib=rb-4.0.3&ixid=M3wxMjA3fDB8MHxwaG90by1wYWdlfHx8fGVufDB8fHx8fA%3D%3D 6000w']"
['a rock outcropping on a beach with a body of water in the'],"['Download this free HD photo of —Ä–æ—Å—Å–∏—è, —Å–∞—Ö–∞–ª–∏–Ω—Å–∫–∞—è –æ–±–ª–∞—Å—Ç—å, –º—ã—Å –æ—Å—Ç—Ä—ã–π –æ—Ö–æ—Ç—Å–∫–æ–µ –º–æ—Ä–µ, and nature in –†–æ—Å—Å–∏—è by Roman Zabara (@flatt)']",['2021-11-08T09:37:35.000Z'],['https://unsplash.com/photos/a-rock-outcropping-on-a-beach-with-a-body-of-water-in-the-pSdQK48Fth8'],"['https://images.unsplash.com/photo-1636363880115-5e23d82ba6de?q=80&w=436&auto=format&fit=crop&ixlib=rb-4.0.3&ixid=M3wxMjA3fDB8MHxwaG90by1wYWdlfHx8fGVufDB8fHx8fA%3D%3D 436w, https://images.unsplash.com/photo-1636363880115-5e23d82ba6de?q=80&w=736&auto=format&fit=crop&ixlib=rb-4.0.3&ixid=M3wxMjA3fDB8MHxwaG90by1wYWdlfHx8fGVufDB8fHx8fA%3D%3D 736w, https://images.unsplash.com/photo-1636363880115-5e23d82ba6de?q=80&w=872&auto=format&fit=crop&ixlib=rb-4.0.3&ixid=M3wxMjA3fDB8MHxwaG90by1wYWdlfHx8fGVufDB8fHx8fA%3D%3D 872w, https://images.unsplash.com/photo-1636363880115-5e23d82ba6de?q=80&w=1036&auto=format&fit=crop&ixlib=rb-4.0.3&ixid=M3wxMjA3fDB8MHxwaG90by1wYWdlfHx8fGVufDB8fHx8fA%3D%3D 1036w, https://images.unsplash.com/photo-1636363880115-5e23d82ba6de?q=80&w=1336&auto=format&fit=crop&ixlib=rb-4.0.3&ixid=M3wxMjA3fDB8MHxwaG90by1wYWdlfHx8fGVufDB8fHx8fA%3D%3D 1336w, https://images.unsplash.com/photo-1636363880115-5e23d82ba6de?q=80&w=1472&auto=format&fit=crop&ixlib=rb-4.0.3&ixid=M3wxMjA3fDB8MHxwaG90by1wYWdlfHx8fGVufDB8fHx8fA%3D%3D 1472w, https://images.unsplash.com/photo-1636363880115-5e23d82ba6de?q=80&w=1636&auto=format&fit=crop&ixlib=rb-4.0.3&ixid=M3wxMjA3fDB8MHxwaG90by1wYWdlfHx8fGVufDB8fHx8fA%3D%3D 1636w, https://images.unsplash.com/photo-1636363880115-5e23d82ba6de?q=80&w=1936&auto=format&fit=crop&ixlib=rb-4.0.3&ixid=M3wxMjA3fDB8MHxwaG90by1wYWdlfHx8fGVufDB8fHx8fA%3D%3D 1936w, https://images.unsplash.com/photo-1636363880115-5e23d82ba6de?q=80&w=2072&auto=format&fit=crop&ixlib=rb-4.0.3&ixid=M3wxMjA3fDB8MHxwaG90by1wYWdlfHx8fGVufDB8fHx8fA%3D%3D 2072w, https://images.unsplash.com/photo-1636363880115-5e23d82ba6de?q=80&w=2236&auto=format&fit=crop&ixlib=rb-4.0.3&ixid=M3wxMjA3fDB8MHxwaG90by1wYWdlfHx8fGVufDB8fHx8fA%3D%3D 2236w, https://images.unsplash.com/photo-1636363880115-5e23d82ba6de?q=80&w=2536&auto=format&fit=crop&ixlib=rb-4.0.3&ixid=M3wxMjA3fDB8MHxwaG90by1wYWdlfHx8fGVufDB8fHx8fA%3D%3D 2536w, https://images.unsplash.com/photo-1636363880115-5e23d82ba6de?q=80&w=2672&auto=format&fit=crop&ixlib=rb-4.0.3&ixid=M3wxMjA3fDB8MHxwaG90by1wYWdlfHx8fGVufDB8fHx8fA%3D%3D 2672w, https://images.unsplash.com/photo-1636363880115-5e23d82ba6de?q=80&w=2836&auto=format&fit=crop&ixlib=rb-4.0.3&ixid=M3wxMjA3fDB8MHxwaG90by1wYWdlfHx8fGVufDB8fHx8fA%3D%3D 2836w, https://images.unsplash.com/photo-1636363880115-5e23d82ba6de?q=80&w=3136&auto=format&fit=crop&ixlib=rb-4.0.3&ixid=M3wxMjA3fDB8MHxwaG90by1wYWdlfHx8fGVufDB8fHx8fA%3D%3D 3136w, https://images.unsplash.com/photo-1636363880115-5e23d82ba6de?q=80&w=3272&auto=format&fit=crop&ixlib=rb-4.0.3&ixid=M3wxMjA3fDB8MHxwaG90by1wYWdlfHx8fGVufDB8fHx8fA%3D%3D 3272w, https://images.unsplash.com/photo-1636363880115-5e23d82ba6de?q=80&w=3436&auto=format&fit=crop&ixlib=rb-4.0.3&ixid=M3wxMjA3fDB8MHxwaG90by1wYWdlfHx8fGVufDB8fHx8fA%3D%3D 3436w, https://images.unsplash.com/photo-1636363880115-5e23d82ba6de?q=80&w=3736&auto=format&fit=crop&ixlib=rb-4.0.3&ixid=M3wxMjA3fDB8MHxwaG90by1wYWdlfHx8fGVufDB8fHx8fA%3D%3D 3736w, https://images.unsplash.com/photo-1636363880115-5e23d82ba6de?q=80&w=3872&auto=format&fit=crop&ixlib=rb-4.0.3&ixid=M3wxMjA3fDB8MHxwaG90by1wYWdlfHx8fGVufDB8fHx8fA%3D%3D 3872w, https://images.unsplash.com/photo-1636363880115-5e23d82ba6de?q=80&w=4036&auto=format&fit=crop&ixlib=rb-4.0.3&ixid=M3wxMjA3fDB8MHxwaG90by1wYWdlfHx8fGVufDB8fHx8fA%3D%3D 4036w, https://images.unsplash.com/photo-1636363880115-5e23d82ba6de?q=80&w=4336&auto=format&fit=crop&ixlib=rb-4.0.3&ixid=M3wxMjA3fDB8MHxwaG90by1wYWdlfHx8fGVufDB8fHx8fA%3D%3D 4336w, https://images.unsplash.com/photo-1636363880115-5e23d82ba6de?q=80&w=4472&auto=format&fit=crop&ixlib=rb-4.0.3&ixid=M3wxMjA3fDB8MHxwaG90by1wYWdlfHx8fGVufDB8fHx8fA%3D%3D 4472w, https://images.unsplash.com/photo-1636363880115-5e23d82ba6de?q=80&w=4636&auto=format&fit=crop&ixlib=rb-4.0.3&ixid=M3wxMjA3fDB8MHxwaG90by1wYWdlfHx8fGVufDB8fHx8fA%3D%3D 4636w, https://images.unsplash.com/photo-1636363880115-5e23d82ba6de?q=80&w=4936&auto=format&fit=crop&ixlib=rb-4.0.3&ixid=M3wxMjA3fDB8MHxwaG90by1wYWdlfHx8fGVufDB8fHx8fA%3D%3D 4936w, https://images.unsplash.com/photo-1636363880115-5e23d82ba6de?q=80&w=5072&auto=format&fit=crop&ixlib=rb-4.0.3&ixid=M3wxMjA3fDB8MHxwaG90by1wYWdlfHx8fGVufDB8fHx8fA%3D%3D 5072w, https://images.unsplash.com/photo-1636363880115-5e23d82ba6de?q=80&w=5236&auto=format&fit=crop&ixlib=rb-4.0.3&ixid=M3wxMjA3fDB8MHxwaG90by1wYWdlfHx8fGVufDB8fHx8fA%3D%3D 5236w, https://images.unsplash.com/photo-1636363880115-5e23d82ba6de?q=80&w=5536&auto=format&fit=crop&ixlib=rb-4.0.3&ixid=M3wxMjA3fDB8MHxwaG90by1wYWdlfHx8fGVufDB8fHx8fA%3D%3D 5536w, https://images.unsplash.com/photo-1636363880115-5e23d82ba6de?q=80&w=5672&auto=format&fit=crop&ixlib=rb-4.0.3&ixid=M3wxMjA3fDB8MHxwaG90by1wYWdlfHx8fGVufDB8fHx8fA%3D%3D 5672w, https://images.unsplash.com/photo-1636363880115-5e23d82ba6de?q=80&w=5836&auto=format&fit=crop&ixlib=rb-4.0.3&ixid=M3wxMjA3fDB8MHxwaG90by1wYWdlfHx8fGVufDB8fHx8fA%3D%3D 5836w, https://images.unsplash.com/photo-1636363880115-5e23d82ba6de?q=80&w=6136&auto=format&fit=crop&ixlib=rb-4.0.3&ixid=M3wxMjA3fDB8MHxwaG90by1wYWdlfHx8fGVufDB8fHx8fA%3D%3D 6136w, https://images.unsplash.com/photo-1636363880115-5e23d82ba6de?q=80&w=6272&auto=format&fit=crop&ixlib=rb-4.0.3&ixid=M3wxMjA3fDB8MHxwaG90by1wYWdlfHx8fGVufDB8fHx8fA%3D%3D 6272w, https://images.unsplash.com/photo-1636363880115-5e23d82ba6de?q=80&w=6436&auto=format&fit=crop&ixlib=rb-4.0.3&ixid=M3wxMjA3fDB8MHxwaG90by1wYWdlfHx8fGVufDB8fHx8fA%3D%3D 6436w, https://images.unsplash.com/photo-1636363880115-5e23d82ba6de?q=80&w=6736&auto=format&fit=crop&ixlib=rb-4.0.3&ixid=M3wxMjA3fDB8MHxwaG90by1wYWdlfHx8fGVufDB8fHx8fA%3D%3D 6736w, https://images.unsplash.com/photo-1636363880115-5e23d82ba6de?q=80&w=6872&auto=format&fit=crop&ixlib=rb-4.0.3&ixid=M3wxMjA3fDB8MHxwaG90by1wYWdlfHx8fGVufDB8fHx8fA%3D%3D 6872w, https://images.unsplash.com/photo-1636363880115-5e23d82ba6de?q=80&w=6944&auto=format&fit=crop&ixlib=rb-4.0.3&ixid=M3wxMjA3fDB8MHxwaG90by1wYWdlfHx8fGVufDB8fHx8fA%3D%3D 6944w']"
